matchId,label,date,dateutc,status,competitionId,seasonId,roundId,gameweek
5678949,"Eskilsminne - Jönköpings Södra, 4-2",2025-11-08 15:00:00,2025-11-08 14:00:00,Played,810,190620,4434167,30
5678935,"Jönköpings Södra - Ariana, 1-0",2025-11-01 16:00:00,2025-11-01 15:00:00,Played,810,190620,4434167,29
5678917,"Trollhättan - Jönköpings Södra, 0-1",2025-10-25 13:00:00,2025-10-25 11:00:00,Played,810,190620,4434167,28
5678905,"Jönköpings Södra - Ljungskile, 1-3",2025-10-19 16:00:00,2025-10-19 14:00:00,Played,810,190620,4434167,27
5678890,"Oskarshamns AIK - Jönköpings Södra, 0-0",2025-10-11 16:00:00,2025-10-11 14:00:00,Played,810,190620,4434167,26
5678872,"Jönköpings Södra - Skövde AIK, 1-0",2025-10-06 19:00:00,2025-10-06 17:00:00,Played,810,190620,4434167,25
5678855,"Hässleholms IF - Jönköpings Södra, 1-2",2025-09-27 16:00:00,2025-09-27 14:00:00,Played,810,190620,4434167,24
5678839,"Jönköpings Södra - Husqvarna, 0-0",2025-09-19 19:00:00,2025-09-19 17:00:00,Played,810,190620,4434167,23
5678825,"Lund - Jönköpings Södra, 1-2",2025-09-14 16:00:00,2025-09-14 14:00:00,Played,810,190620,4434167,22
5678805,"Olympic - Jönköpings Södra, 1-1",2025-09-07 16:00:00,2025-09-07 14:00:00,Played,810,190620,4434167,21
5678791,"Jönköpings Södra - IFK Skövde, 2-1",2025-09-01 19:00:00,2025-09-01 17:00:00,Played,810,190620,4434167,20
5678778,"Norrby - Jönköpings Södra, 2-1",2025-08-25 19:00:00,2025-08-25 17:00:00,Played,810,190620,4434167,19
5678759,"Jönköpings Södra - Torslanda, 5-0",2025-08-17 16:00:00,2025-08-17 14:00:00,Played,810,190620,4434167,18
5678744,"Jönköpings Södra - Ängelholm, 0-0",2025-08-09 16:00:00,2025-08-09 14:00:00,Played,810,190620,4434167,17
5678725,"Rosengård - Jönköpings Södra, 0-1",2025-08-02 16:00:00,2025-08-02 14:00:00,Played,810,190620,4434167,16
5678712,"Jönköpings Södra - Trollhättan, 2-1",2025-06-28 16:00:00,2025-06-28 14:00:00,Played,810,190620,4434167,15
5678699,"Ängelholm - Jönköpings Södra, 1-2",2025-06-19 19:00:00,2025-06-19 17:00:00,Played,810,190620,4434167,14
5678680,"Jönköpings Södra - Oskarshamns AIK, 1-0",2025-06-14 13:00:00,2025-06-14 11:00:00,Played,810,190620,4434167,13
5678662,"Ljungskile - Jönköpings Södra, 2-0",2025-06-08 16:00:00,2025-06-08 14:00:00,Played,810,190620,4434167,12
5678650,"IFK Skövde - Jönköpings Södra, 0-3",2025-06-01 13:00:00,2025-06-01 11:00:00,Played,810,190620,4434167,11
5678629,"Jönköpings Södra - Hässleholms IF, 2-1",2025-05-28 19:00:00,2025-05-28 17:00:00,Played,810,190620,4434167,10
5678615,"Husqvarna - Jönköpings Södra, 0-1",2025-05-24 16:00:00,2025-05-24 14:00:00,Played,810,190620,4434167,9
5678600,"Jönköpings Södra - Rosengård, 3-0",2025-05-17 16:00:00,2025-05-17 14:00:00,Played,810,190620,4434167,8
5678583,"Jönköpings Södra - Olympic, 1-0",2025-05-11 16:00:00,2025-05-11 14:00:00,Played,810,190620,4434167,7
5678570,"Skövde AIK - Jönköpings Södra, 1-0",2025-05-03 13:00:00,2025-05-03 11:00:00,Played,810,190620,4434167,6
5678551,"Jönköpings Södra - Norrby, 1-0",2025-04-28 19:00:00,2025-04-28 17:00:00,Played,810,190620,4434167,5
5678535,"Jönköpings Södra - Eskilsminne, 3-1",2025-04-21 16:00:00,2025-04-21 14:00:00,Played,810,190620,4434167,4
5678523,"Torslanda - Jönköpings Södra, 2-0",2025-04-13 13:00:00,2025-04-13 11:00:00,Played,810,190620,4434167,3
5678500,"Ariana - Jönköpings Södra, 0-0",2025-04-05 13:30:00,2025-04-05 11:30:00,Played,810,190620,4434167,2
5678488,"Jönköpings Södra - Lund, 2-0",2025-03-30 16:00:00,2025-03-30 14:00:00,Played,810,190620,4434167,1
5559420,"Ariana - Jönköpings Södra, 0-3",2024-11-10 15:00:00,2024-11-10 14:00:00,Played,810,189506,4431323,30
5559405,"Jönköpings Södra - Oskarshamns AIK, 0-0",2024-11-03 16:00:00,2024-11-03 15:00:00,Played,810,189506,4431323,29
5559395,"Tvååker - Jönköpings Södra, 2-2",2024-10-26 13:00:00,2024-10-26 11:00:00,Played,810,189506,4431323,28
5559373,"Jönköpings Södra - Eskilsminne, 2-1",2024-10-19 16:00:00,2024-10-19 14:00:00,Played,810,189506,4431323,27
5559358,"Rosengård - Jönköpings Södra, 0-2",2024-10-13 16:00:00,2024-10-13 14:00:00,Played,810,189506,4431323,26
5559342,"Jönköpings Södra - Ljungskile, 0-1",2024-10-05 16:00:00,2024-10-05 14:00:00,Played,810,189506,4431323,25
5559324,"Olympic - Jönköpings Södra, 4-1",2024-09-29 16:00:00,2024-09-29 14:00:00,Played,810,189506,4431323,24
5559310,"Jönköpings Södra - Lund, 3-1",2024-09-21 16:00:00,2024-09-21 14:00:00,Played,810,189506,4431323,23
5559294,"Falkenberg - Jönköpings Södra, 3-0",2024-09-15 16:00:00,2024-09-15 14:00:00,Played,810,189506,4431323,22
5559283,"Ängelholm - Jönköpings Södra, 2-2",2024-09-08 16:00:00,2024-09-08 14:00:00,Played,810,189506,4431323,21
5559263,"Jönköpings Södra - Norrby, 1-0",2024-09-02 19:00:00,2024-09-02 17:00:00,Played,810,189506,4431323,20
5559249,"Onsala - Jönköpings Södra, 1-2",2024-08-24 13:00:00,2024-08-24 11:00:00,Played,810,189506,4431323,19
5559231,"Jönköpings Södra - Torns, 3-0",2024-08-17 16:00:00,2024-08-17 14:00:00,Played,810,189506,4431323,18
5559215,"Jönköpings Södra - Trollhättan, 1-1",2024-08-12 19:00:00,2024-08-12 17:00:00,Played,810,189506,4431323,17
5559203,"Torslanda - Jönköpings Södra, 1-1",2024-08-03 16:00:00,2024-08-03 14:00:00,Played,810,189506,4431323,16
5559182,"Jönköpings Södra - Ariana, 1-0",2024-06-29 16:00:00,2024-06-29 14:00:00,Played,810,189506,4431323,15
5559166,"Trollhättan - Jönköpings Södra, 1-2",2024-06-24 19:00:00,2024-06-24 17:00:00,Played,810,189506,4431323,14
5559151,"Jönköpings Södra - Onsala, 1-1",2024-06-16 16:00:00,2024-06-16 14:00:00,Played,810,189506,4431323,13
5559137,"Oskarshamns AIK - Jönköpings Södra, 1-2",2024-06-05 19:00:00,2024-06-05 17:00:00,Played,810,189506,4431323,12
5559120,"Lund - Jönköpings Södra, 2-0",2024-06-01 16:00:00,2024-06-01 14:00:00,Played,810,189506,4431323,11
5559103,"Jönköpings Södra - Ängelholm, 1-2",2024-05-27 19:00:00,2024-05-27 17:00:00,Played,810,189506,4431323,10
5559088,"Ljungskile - Jönköpings Södra, 2-2",2024-05-19 16:00:00,2024-05-19 14:00:00,Played,810,189506,4431323,9
5559071,"Jönköpings Södra - Tvååker, 1-2",2024-05-13 19:15:00,2024-05-13 17:15:00,Played,810,189506,4431323,8
5559057,"Torns - Jönköpings Södra, 4-2",2024-05-09 14:00:00,2024-05-09 12:00:00,Played,810,189506,4431323,7
5559039,"Jönköpings Södra - Torslanda, 0-1",2024-05-04 13:00:00,2024-05-04 11:00:00,Played,810,189506,4431323,6
5559022,"Jönköpings Södra - Rosengård, 1-3",2024-04-27 16:30:00,2024-04-27 14:30:00,Played,810,189506,4431323,5
5559005,"Eskilsminne - Jönköpings Södra, 1-3",2024-04-20 16:00:00,2024-04-20 14:00:00,Played,810,189506,4431323,4
5558989,"Jönköpings Södra - Falkenberg, 1-2",2024-04-13 16:00:00,2024-04-13 14:00:00,Played,810,189506,4431323,3
5558977,"Norrby - Jönköpings Södra, 1-1",2024-04-06 13:00:00,2024-04-06 11:00:00,Played,810,189506,4431323,2
5558960,"Jönköpings Södra - Olympic, 1-0",2024-03-30 16:00:00,2024-03-30 15:00:00,Played,810,189506,4431323,1
