matchId,label,date,dateutc,status,competitionId,seasonId,roundId,gameweek,competition_name
5819346,"Hässleholms IF - Laholms FK, 2-1",2026-08-24 19:00:00+00:00,2026-08-24 17:00:00+00:00,Played,810,192451,4437479,18,Ettan
5819338,"Assyriska - Gefle, 1-2",2026-08-23 18:00:00+00:00,2026-08-23 16:00:00+00:00,Played,810,192451,4437479,18,Ettan
5819336,"Arlanda - FBK Karlstad, 5-1",2026-08-23 16:00:00+00:00,2026-08-23 14:00:00+00:00,Played,810,192451,4437479,18,Ettan
5819345,"Skövde AIK - Kristianstad, 3-1",2026-08-23 16:00:00+00:00,2026-08-23 14:00:00+00:00,Played,810,192451,4437479,18,Ettan
5819337,"Hammarby Talang - Piteå, 1-1",2026-08-23 16:00:00+00:00,2026-08-23 14:00:00+00:00,Played,810,192451,4437479,18,Ettan
5819332,"Karlberg - Eskilstuna, 0-3",2026-08-23 13:00:00+00:00,2026-08-23 11:00:00+00:00,Played,810,192451,4437479,18,Ettan
5819335,"Vasalund - Stocksund, 4-3",2026-08-23 13:00:00+00:00,2026-08-23 11:00:00+00:00,Played,810,192451,4437479,18,Ettan
5819334,"Umeå - Enköping, 0-0",2026-08-23 13:00:00+00:00,2026-08-23 11:00:00+00:00,Played,810,192451,4437479,18,Ettan
5819333,"Sollentuna - Karlstad, 2-1",2026-08-22 16:00:00+00:00,2026-08-22 14:00:00+00:00,Played,810,192451,4437479,18,Ettan
5819342,"Åtvidaberg - Ängelholm, 4-1",2026-08-22 16:00:00+00:00,2026-08-22 14:00:00+00:00,Played,810,192451,4437479,18,Ettan
5819343,"Jönköpings Södra - Rosengård, 0-0",2026-08-22 16:00:00+00:00,2026-08-22 14:00:00+00:00,Played,810,192451,4437479,18,Ettan
5819344,"Trollhättan - Trelleborg, 2-1",2026-08-22 16:00:00+00:00,2026-08-22 14:00:00+00:00,Played,810,192451,4437479,18,Ettan
5819341,"Utsikten - Eskilsminne, 2-2",2026-08-22 13:30:00+00:00,2026-08-22 11:30:00+00:00,Played,810,192451,4437479,18,Ettan
5819339,"Ariana - Lund, 2-5",2026-08-22 13:00:00+00:00,2026-08-22 11:00:00+00:00,Played,810,192451,4437479,18,Ettan
5819340,"Olympic - Tvååker, 3-4",2026-08-22 13:00:00+00:00,2026-08-22 11:00:00+00:00,Played,810,192451,4437479,18,Ettan
5819331,"Stockholm Inter - Järfälla, 2-0",2026-08-21 19:00:00+00:00,2026-08-21 17:00:00+00:00,Played,810,192451,4437479,18,Ettan
5819330,"Åtvidaberg - Skövde AIK, 2-1",2026-08-16 16:00:00+00:00,2026-08-16 14:00:00+00:00,Played,810,192451,4437479,17,Ettan
5819322,"FBK Karlstad - Enköping, 2-0",2026-08-16 16:00:00+00:00,2026-08-16 14:00:00+00:00,Played,810,192451,4437479,17,Ettan
5819328,"Rosengård - Utsikten, 1-1",2026-08-16 16:00:00+00:00,2026-08-16 14:00:00+00:00,Played,810,192451,4437479,17,Ettan
5819318,"Stockholm Inter - Arlanda, 4-1",2026-08-16 13:00:00+00:00,2026-08-16 11:00:00+00:00,Played,810,192451,4437479,17,Ettan
5819329,"Trelleborg - Eskilsminne, 1-3",2026-08-16 13:00:00+00:00,2026-08-16 11:00:00+00:00,Played,810,192451,4437479,17,Ettan
5819321,"Piteå - Vasalund, 1-1",2026-08-16 12:30:00+00:00,2026-08-16 10:30:00+00:00,Played,810,192451,4437479,17,Ettan
5819319,"Karlstad - Assyriska, 0-2",2026-08-15 16:00:00+00:00,2026-08-15 14:00:00+00:00,Played,810,192451,4437479,17,Ettan
5819320,"Sollentuna - Järfälla, 2-1",2026-08-15 16:00:00+00:00,2026-08-15 14:00:00+00:00,Played,810,192451,4437479,17,Ettan
5819326,"Kristianstad - Tvååker, 1-2",2026-08-15 16:00:00+00:00,2026-08-15 14:00:00+00:00,Played,810,192451,4437479,17,Ettan
5819327,"Laholms FK - Jönköpings Södra, 0-0",2026-08-15 16:00:00+00:00,2026-08-15 14:00:00+00:00,Played,810,192451,4437479,17,Ettan
5819325,"Olympic - Ariana, 2-2",2026-08-15 13:00:00+00:00,2026-08-15 11:00:00+00:00,Played,810,192451,4437479,17,Ettan
5819324,"Ängelholm - Trollhättan, 0-1",2026-08-15 13:00:00+00:00,2026-08-15 11:00:00+00:00,Played,810,192451,4437479,17,Ettan
5819317,"Karlberg - Stocksund, 2-0",2026-08-15 13:00:00+00:00,2026-08-15 11:00:00+00:00,Played,810,192451,4437479,17,Ettan
5819316,"Gefle - Umeå, 2-0",2026-08-15 13:00:00+00:00,2026-08-15 11:00:00+00:00,Played,810,192451,4437479,17,Ettan
5819315,"Eskilstuna - Hammarby Talang, 1-0",2026-08-14 19:00:00+00:00,2026-08-14 17:00:00+00:00,Played,810,192451,4437479,17,Ettan
5819323,"Lund - Hässleholms IF, 0-3",2026-08-14 19:00:00+00:00,2026-08-14 17:00:00+00:00,Played,810,192451,4437479,17,Ettan
5819306,"Assyriska - Sollentuna, 3-0",2026-08-09 18:00:00+00:00,2026-08-09 16:00:00+00:00,Played,810,192451,4437479,16,Ettan
5819304,"Arlanda - Piteå, 0-0",2026-08-09 17:00:00+00:00,2026-08-09 15:00:00+00:00,Played,810,192451,4437479,16,Ettan
5819305,"Hammarby Talang - FBK Karlstad, 1-1",2026-08-09 16:00:00+00:00,2026-08-09 14:00:00+00:00,Played,810,192451,4437479,16,Ettan
5819314,"Jönköpings Södra - Olympic, 2-0",2026-08-09 16:00:00+00:00,2026-08-09 14:00:00+00:00,Played,810,192451,4437479,16,Ettan
5819302,"Umeå - Eskilstuna, 1-3",2026-08-09 13:00:00+00:00,2026-08-09 11:00:00+00:00,Played,810,192451,4437479,16,Ettan
5819303,"Vasalund - Stockholm Inter, 2-0",2026-08-09 13:00:00+00:00,2026-08-09 11:00:00+00:00,Played,810,192451,4437479,16,Ettan
5819310,"Utsikten - Hässleholms IF, 0-2",2026-08-08 17:00:00+00:00,2026-08-08 15:00:00+00:00,Played,810,192451,4437479,16,Ettan
5819312,"Trollhättan - Laholms FK, 0-1",2026-08-08 16:00:00+00:00,2026-08-08 14:00:00+00:00,Played,810,192451,4437479,16,Ettan
5819313,"Tvååker - Åtvidaberg, 1-2",2026-08-08 16:00:00+00:00,2026-08-08 14:00:00+00:00,Played,810,192451,4437479,16,Ettan
5819300,"Järfälla - Karlstad, 1-4",2026-08-08 16:00:00+00:00,2026-08-08 14:00:00+00:00,Played,810,192451,4437479,16,Ettan
5819311,"Skövde AIK - Lund, 1-1",2026-08-08 16:00:00+00:00,2026-08-08 14:00:00+00:00,Played,810,192451,4437479,16,Ettan
5819301,"Stocksund - Gefle, 5-0",2026-08-08 16:00:00+00:00,2026-08-08 14:00:00+00:00,Played,810,192451,4437479,16,Ettan
5819308,"Ariana - Trelleborg, 1-2",2026-08-08 13:00:00+00:00,2026-08-08 11:00:00+00:00,Played,810,192451,4437479,16,Ettan
5819309,"Eskilsminne - Rosengård, 0-0",2026-08-08 13:00:00+00:00,2026-08-08 11:00:00+00:00,Played,810,192451,4437479,16,Ettan
5819299,"Enköping - Karlberg, 2-1",2026-08-07 19:30:00+00:00,2026-08-07 17:30:00+00:00,Played,810,192451,4437479,16,Ettan
5819307,"Kristianstad - Ängelholm, 1-0",2026-08-07 19:00:00+00:00,2026-08-07 17:00:00+00:00,Played,810,192451,4437479,16,Ettan
5819290,"Hammarby Talang - Arlanda, 5-1",2026-08-03 19:30:00+00:00,2026-08-03 17:30:00+00:00,Played,810,192451,4437479,15,Ettan
5819289,"Vasalund - Sollentuna, 1-1",2026-08-03 19:00:00+00:00,2026-08-03 17:00:00+00:00,Played,810,192451,4437479,15,Ettan
5819298,"Trelleborg - Lund, 2-2",2026-08-02 16:00:00+00:00,2026-08-02 14:00:00+00:00,Played,810,192451,4437479,15,Ettan
5819297,"Rosengård - Jönköpings Södra, 4-2",2026-08-02 16:00:00+00:00,2026-08-02 14:00:00+00:00,Played,810,192451,4437479,15,Ettan
5819288,"Karlstad - Enköping, 2-1",2026-08-02 16:00:00+00:00,2026-08-02 14:00:00+00:00,Played,810,192451,4437479,15,Ettan
5819287,"Eskilstuna - Umeå, 1-0",2026-08-02 15:00:00+00:00,2026-08-02 13:00:00+00:00,Played,810,192451,4437479,15,Ettan
5819284,"FBK Karlstad - Assyriska, 0-2",2026-08-01 16:00:00+00:00,2026-08-01 14:00:00+00:00,Played,810,192451,4437479,15,Ettan
5819285,"Järfälla - Stockholm Inter, 0-4",2026-08-01 16:00:00+00:00,2026-08-01 14:00:00+00:00,Played,810,192451,4437479,15,Ettan
5819286,"Stocksund - Karlberg, 0-2",2026-08-01 16:00:00+00:00,2026-08-01 14:00:00+00:00,Played,810,192451,4437479,15,Ettan
5819294,"Hässleholms IF - Åtvidaberg, 2-0",2026-08-01 16:00:00+00:00,2026-08-01 14:00:00+00:00,Played,810,192451,4437479,15,Ettan
5819295,"Laholms FK - Trollhättan, 0-1",2026-08-01 16:00:00+00:00,2026-08-01 14:00:00+00:00,Played,810,192451,4437479,15,Ettan
5819296,"Olympic - Skövde AIK, 3-1",2026-08-01 16:00:00+00:00,2026-08-01 14:00:00+00:00,Played,810,192451,4437479,15,Ettan
5819283,"Piteå - Gefle, 0-2",2026-08-01 14:00:00+00:00,2026-08-01 12:00:00+00:00,Played,810,192451,4437479,15,Ettan
5819292,"Ängelholm - Ariana, 2-2",2026-08-01 13:00:00+00:00,2026-08-01 11:00:00+00:00,Played,810,192451,4437479,15,Ettan
5819293,"Tvååker - Utsikten, 2-2",2026-08-01 13:00:00+00:00,2026-08-01 11:00:00+00:00,Played,810,192451,4437479,15,Ettan
5819291,"Eskilsminne - Kristianstad, 3-2",2026-07-01 19:00:00+00:00,2026-07-01 17:00:00+00:00,Played,810,192451,4437479,15,Ettan
5819274,"Umeå - Järfälla, 1-3",2026-06-28 16:00:00+00:00,2026-06-28 14:00:00+00:00,Played,810,192451,4437479,14,Ettan
5819282,"Olympic - Eskilsminne, 2-1",2026-06-28 13:00:00+00:00,2026-06-28 11:00:00+00:00,Played,810,192451,4437479,14,Ettan
5819272,"Arlanda - Karlstad, 1-0",2026-06-27 17:00:00+00:00,2026-06-27 15:00:00+00:00,Played,810,192451,4437479,14,Ettan
5819273,"Gefle - Stocksund, 2-1",2026-06-27 16:00:00+00:00,2026-06-27 14:00:00+00:00,Played,810,192451,4437479,14,Ettan
5819279,"Ariana - Jönköpings Södra, 1-0",2026-06-27 16:00:00+00:00,2026-06-27 14:00:00+00:00,Played,810,192451,4437479,14,Ettan
5819280,"Åtvidaberg - Rosengård, 3-3",2026-06-27 16:00:00+00:00,2026-06-27 14:00:00+00:00,Played,810,192451,4437479,14,Ettan
5819281,"Lund - Skövde AIK, 2-1",2026-06-27 16:00:00+00:00,2026-06-27 14:00:00+00:00,Played,810,192451,4437479,14,Ettan
5819271,"Stockholm Inter - Enköping, 2-0",2026-06-27 13:00:00+00:00,2026-06-27 11:00:00+00:00,Played,810,192451,4437479,14,Ettan
5819277,"Laholms FK - Utsikten, 3-1",2026-06-27 13:00:00+00:00,2026-06-27 11:00:00+00:00,Played,810,192451,4437479,14,Ettan
5819278,"Trollhättan - Ängelholm, 1-1",2026-06-27 13:00:00+00:00,2026-06-27 11:00:00+00:00,Played,810,192451,4437479,14,Ettan
5819276,"Hässleholms IF - Tvååker, 4-2",2026-06-26 19:30:00+00:00,2026-06-26 17:30:00+00:00,Played,810,192451,4437479,14,Ettan
5819270,"Assyriska - Vasalund, 3-1",2026-06-26 19:30:00+00:00,2026-06-26 17:30:00+00:00,Played,810,192451,4437479,14,Ettan
5819268,"FBK Karlstad - Hammarby Talang, 0-7",2026-06-26 19:00:00+00:00,2026-06-26 17:00:00+00:00,Played,810,192451,4437479,14,Ettan
5819269,"Sollentuna - Eskilstuna, 1-4",2026-06-26 19:00:00+00:00,2026-06-26 17:00:00+00:00,Played,810,192451,4437479,14,Ettan
5819275,"Kristianstad - Trelleborg, 0-0",2026-06-26 19:00:00+00:00,2026-06-26 17:00:00+00:00,Played,810,192451,4437479,14,Ettan
5819267,"Karlberg - Piteå, 3-1",2026-06-24 19:00:00+00:00,2026-06-24 17:00:00+00:00,Played,810,192451,4437479,14,Ettan
5819258,"Assyriska - Karlstad, 2-2",2026-06-21 17:00:00+00:00,2026-06-21 15:00:00+00:00,Played,810,192451,4437479,13,Ettan
5819264,"Ariana - Olympic, 1-2",2026-06-21 16:00:00+00:00,2026-06-21 14:00:00+00:00,Played,810,192451,4437479,13,Ettan
5819265,"Kristianstad - Laholms FK, 0-3",2026-06-21 16:00:00+00:00,2026-06-21 14:00:00+00:00,Played,810,192451,4437479,13,Ettan
5819257,"Enköping - Umeå, 3-1",2026-06-21 15:00:00+00:00,2026-06-21 13:00:00+00:00,Played,810,192451,4437479,13,Ettan
5819256,"Piteå - Eskilstuna, 2-2",2026-06-21 13:00:00+00:00,2026-06-21 11:00:00+00:00,Played,810,192451,4437479,13,Ettan
5819255,"Sollentuna - FBK Karlstad, 0-2",2026-06-18 19:30:00+00:00,2026-06-18 17:30:00+00:00,Played,810,192451,4437479,13,Ettan
5819254,"Arlanda - Stocksund, 1-0",2026-06-18 19:30:00+00:00,2026-06-18 17:30:00+00:00,Played,810,192451,4437479,13,Ettan
5819251,"Gefle - Stockholm Inter, 0-2",2026-06-18 19:00:00+00:00,2026-06-18 17:00:00+00:00,Played,810,192451,4437479,13,Ettan
5819252,"Hammarby Talang - Järfälla, 1-1",2026-06-18 19:00:00+00:00,2026-06-18 17:00:00+00:00,Played,810,192451,4437479,13,Ettan
5819253,"Vasalund - Karlberg, 0-4",2026-06-18 19:00:00+00:00,2026-06-18 17:00:00+00:00,Played,810,192451,4437479,13,Ettan
5819259,"Eskilsminne - Trollhättan, 2-0",2026-06-18 19:00:00+00:00,2026-06-18 17:00:00+00:00,Played,810,192451,4437479,13,Ettan
5819260,"Jönköpings Södra - Lund, 0-0",2026-06-18 19:00:00+00:00,2026-06-18 17:00:00+00:00,Played,810,192451,4437479,13,Ettan
5819261,"Trelleborg - Rosengård, 3-2",2026-06-18 19:00:00+00:00,2026-06-18 17:00:00+00:00,Played,810,192451,4437479,13,Ettan
5819262,"Tvååker - Ängelholm, 3-2",2026-06-18 19:00:00+00:00,2026-06-18 17:00:00+00:00,Played,810,192451,4437479,13,Ettan
5819266,"Skövde AIK - Hässleholms IF, 2-2",2026-06-18 19:00:00+00:00,2026-06-18 17:00:00+00:00,Played,810,192451,4437479,13,Ettan
5819263,"Utsikten - Åtvidaberg, 0-3",2026-06-17 19:30:00+00:00,2026-06-17 17:30:00+00:00,Played,810,192451,4437479,13,Ettan
5819250,"Rosengård - Skövde AIK, 3-0",2026-06-14 16:00:00+00:00,2026-06-14 14:00:00+00:00,Played,810,192451,4437479,12,Ettan
5819242,"Stockholm Inter - FBK Karlstad, 3-1",2026-06-14 16:00:00+00:00,2026-06-14 14:00:00+00:00,Played,810,192451,4437479,12,Ettan
5819241,"Enköping - Vasalund, 1-1",2026-06-14 16:00:00+00:00,2026-06-14 14:00:00+00:00,Played,810,192451,4437479,12,Ettan
5819240,"Eskilstuna - Assyriska, 1-0",2026-06-14 16:00:00+00:00,2026-06-14 14:00:00+00:00,Played,810,192451,4437479,12,Ettan
5819249,"Hässleholms IF - Trelleborg, 0-2",2026-06-14 13:00:00+00:00,2026-06-14 11:00:00+00:00,Played,810,192451,4437479,12,Ettan
5819239,"Karlberg - Hammarby Talang, 0-2",2026-06-14 13:00:00+00:00,2026-06-14 11:00:00+00:00,Played,810,192451,4437479,12,Ettan
5819236,"Järfälla - Arlanda, 2-3",2026-06-13 16:00:00+00:00,2026-06-13 14:00:00+00:00,Played,810,192451,4437479,12,Ettan
5819237,"Karlstad - Gefle, 2-0",2026-06-13 16:00:00+00:00,2026-06-13 14:00:00+00:00,Played,810,192451,4437479,12,Ettan
5819238,"Stocksund - Sollentuna, 3-3",2026-06-13 16:00:00+00:00,2026-06-13 14:00:00+00:00,Played,810,192451,4437479,12,Ettan
5819247,"Åtvidaberg - Eskilsminne, 4-0",2026-06-13 16:00:00+00:00,2026-06-13 14:00:00+00:00,Played,810,192451,4437479,12,Ettan
5819248,"Trollhättan - Kristianstad, 1-1",2026-06-13 16:00:00+00:00,2026-06-13 14:00:00+00:00,Played,810,192451,4437479,12,Ettan
5819244,"Ängelholm - Utsikten, 4-2",2026-06-13 13:00:00+00:00,2026-06-13 11:00:00+00:00,Played,810,192451,4437479,12,Ettan
5819245,"Olympic - Laholms FK, 3-2",2026-06-13 13:00:00+00:00,2026-06-13 11:00:00+00:00,Played,810,192451,4437479,12,Ettan
5819246,"Tvååker - Jönköpings Södra, 2-1",2026-06-13 13:00:00+00:00,2026-06-13 11:00:00+00:00,Played,810,192451,4437479,12,Ettan
5819243,"Lund - Ariana, 1-4",2026-06-12 19:00:00+00:00,2026-06-12 17:00:00+00:00,Played,810,192451,4437479,12,Ettan
5819235,"Umeå - Piteå, 2-0",2026-06-12 19:00:00+00:00,2026-06-12 17:00:00+00:00,Played,810,192451,4437479,12,Ettan
5819226,"Järfälla - Stocksund, 1-6",2026-06-08 19:30:00+00:00,2026-06-08 17:30:00+00:00,Played,810,192451,4437479,11,Ettan
5819231,"Utsikten - Rosengård, 0-1",2026-06-08 19:30:00+00:00,2026-06-08 17:30:00+00:00,Played,810,192451,4437479,11,Ettan
5819225,"Stockholm Inter - Vasalund, 4-1",2026-06-08 19:00:00+00:00,2026-06-08 17:00:00+00:00,Played,810,192451,4437479,11,Ettan
5819234,"Ängelholm - Olympic, 1-1",2026-06-08 19:00:00+00:00,2026-06-08 17:00:00+00:00,Played,810,192451,4437479,11,Ettan
5819224,"Arlanda - Assyriska, 2-0",2026-06-07 16:00:00+00:00,2026-06-07 14:00:00+00:00,Played,810,192451,4437479,11,Ettan
5819232,"Åtvidaberg - Tvååker, 2-2",2026-06-07 16:00:00+00:00,2026-06-07 14:00:00+00:00,Played,810,192451,4437479,11,Ettan
5819233,"Trelleborg - Skövde AIK, 4-0",2026-06-07 16:00:00+00:00,2026-06-07 14:00:00+00:00,Played,810,192451,4437479,11,Ettan
5819223,"Sollentuna - Umeå, 1-1",2026-06-07 15:00:00+00:00,2026-06-07 13:00:00+00:00,Played,810,192451,4437479,11,Ettan
5819222,"Piteå - Enköping, 0-2",2026-06-07 14:00:00+00:00,2026-06-07 12:00:00+00:00,Played,810,192451,4437479,11,Ettan
5819230,"Kristianstad - Lund, 1-1",2026-06-07 13:00:00+00:00,2026-06-07 11:00:00+00:00,Played,810,192451,4437479,11,Ettan
5819229,"Ariana - Eskilsminne, 2-1",2026-06-07 13:00:00+00:00,2026-06-07 11:00:00+00:00,Played,810,192451,4437479,11,Ettan
5819228,"Jönköpings Södra - Trollhättan, 4-1",2026-06-06 16:00:00+00:00,2026-06-06 14:00:00+00:00,Played,810,192451,4437479,11,Ettan
5819221,"Gefle - Hammarby Talang, 0-4",2026-06-06 16:00:00+00:00,2026-06-06 14:00:00+00:00,Played,810,192451,4437479,11,Ettan
5819220,"FBK Karlstad - Karlstad, 2-3",2026-06-05 19:00:00+00:00,2026-06-05 17:00:00+00:00,Played,810,192451,4437479,11,Ettan
5819219,"Eskilstuna - Karlberg, 3-2",2026-06-04 19:30:00+00:00,2026-06-04 17:30:00+00:00,Played,810,192451,4437479,11,Ettan
5819227,"Laholms FK - Hässleholms IF, 1-2",2026-06-04 19:00:00+00:00,2026-06-04 17:00:00+00:00,Played,810,192451,4437479,11,Ettan
5819210,"Vasalund - Järfälla, 3-1",2026-06-03 19:30:00+00:00,2026-06-03 17:30:00+00:00,Played,810,192451,4437479,10,Ettan
5819218,"Olympic - Lund, 1-3",2026-06-03 19:00:00+00:00,2026-06-03 17:00:00+00:00,Played,810,192451,4437479,10,Ettan
5819209,"Assyriska - Enköping, 4-2",2026-06-02 19:30:00+00:00,2026-06-02 17:30:00+00:00,Played,810,192451,4437479,10,Ettan
5819217,"Rosengård - Ängelholm, 1-2",2026-06-02 19:00:00+00:00,2026-06-02 17:00:00+00:00,Played,810,192451,4437479,10,Ettan
5819208,"Arlanda - Gefle, 2-3",2026-06-01 19:30:00+00:00,2026-06-01 17:30:00+00:00,Played,810,192451,4437479,10,Ettan
5819216,"Skövde AIK - Jönköpings Södra, 1-0",2026-06-01 19:00:00+00:00,2026-06-01 17:00:00+00:00,Played,810,192451,4437479,10,Ettan
5819206,"Karlberg - FBK Karlstad, 1-1",2026-05-31 16:00:00+00:00,2026-05-31 14:00:00+00:00,Played,810,192451,4437479,10,Ettan
5819205,"Umeå - Stocksund, 2-2",2026-05-31 14:30:00+00:00,2026-05-31 12:30:00+00:00,Played,810,192451,4437479,10,Ettan
5819207,"Piteå - Stockholm Inter, 2-2",2026-05-31 14:00:00+00:00,2026-05-31 12:00:00+00:00,Played,810,192451,4437479,10,Ettan
5819212,"Hässleholms IF - Utsikten, 3-0",2026-05-30 16:30:00+00:00,2026-05-30 14:30:00+00:00,Played,810,192451,4437479,10,Ettan
5819203,"Hammarby Talang - Eskilstuna, 1-2",2026-05-30 16:00:00+00:00,2026-05-30 14:00:00+00:00,Played,810,192451,4437479,10,Ettan
5819204,"Karlstad - Sollentuna, 0-0",2026-05-30 16:00:00+00:00,2026-05-30 14:00:00+00:00,Played,810,192451,4437479,10,Ettan
5819213,"Ariana - Laholms FK, 4-2",2026-05-30 16:00:00+00:00,2026-05-30 14:00:00+00:00,Played,810,192451,4437479,10,Ettan
5819214,"Trollhättan - Åtvidaberg, 3-3",2026-05-30 16:00:00+00:00,2026-05-30 14:00:00+00:00,Played,810,192451,4437479,10,Ettan
5819215,"Tvååker - Kristianstad, 1-2",2026-05-30 16:00:00+00:00,2026-05-30 14:00:00+00:00,Played,810,192451,4437479,10,Ettan
5819211,"Eskilsminne - Trelleborg, 2-3",2026-05-30 13:00:00+00:00,2026-05-30 11:00:00+00:00,Played,810,192451,4437479,10,Ettan
5819202,"Jönköpings Södra - Ängelholm, 3-0",2026-05-24 16:00:00+00:00,2026-05-24 14:00:00+00:00,Played,810,192451,4437479,9,Ettan
5819201,"Åtvidaberg - Laholms FK, 3-1",2026-05-24 16:00:00+00:00,2026-05-24 14:00:00+00:00,Played,810,192451,4437479,9,Ettan
5819194,"Sollentuna - Piteå, 2-2",2026-05-24 16:00:00+00:00,2026-05-24 14:00:00+00:00,Played,810,192451,4437479,9,Ettan
5819193,"Eskilstuna - Vasalund, 0-3",2026-05-24 16:00:00+00:00,2026-05-24 14:00:00+00:00,Played,810,192451,4437479,9,Ettan
5819192,"Umeå - Karlstad, 0-2",2026-05-24 13:00:00+00:00,2026-05-24 11:00:00+00:00,Played,810,192451,4437479,9,Ettan
5819188,"Stockholm Inter - Karlberg, 2-1",2026-05-23 16:00:00+00:00,2026-05-23 14:00:00+00:00,Played,810,192451,4437479,9,Ettan
5819189,"FBK Karlstad - Arlanda, 0-0",2026-05-23 16:00:00+00:00,2026-05-23 14:00:00+00:00,Played,810,192451,4437479,9,Ettan
5819190,"Järfälla - Gefle, 4-0",2026-05-23 16:00:00+00:00,2026-05-23 14:00:00+00:00,Played,810,192451,4437479,9,Ettan
5819191,"Stocksund - Assyriska, 3-3",2026-05-23 16:00:00+00:00,2026-05-23 14:00:00+00:00,Played,810,192451,4437479,9,Ettan
5819199,"Skövde AIK - Ariana, 0-4",2026-05-23 16:00:00+00:00,2026-05-23 14:00:00+00:00,Played,810,192451,4437479,9,Ettan
5819200,"Utsikten - Trelleborg, 0-0",2026-05-23 16:00:00+00:00,2026-05-23 14:00:00+00:00,Played,810,192451,4437479,9,Ettan
5819197,"Rosengård - Olympic, 2-1",2026-05-23 13:00:00+00:00,2026-05-23 11:00:00+00:00,Played,810,192451,4437479,9,Ettan
5819198,"Tvååker - Trollhättan, 1-1",2026-05-23 13:00:00+00:00,2026-05-23 11:00:00+00:00,Played,810,192451,4437479,9,Ettan
5819187,"Enköping - Hammarby Talang, 0-1",2026-05-23 13:00:00+00:00,2026-05-23 11:00:00+00:00,Played,810,192451,4437479,9,Ettan
5819195,"Kristianstad - Hässleholms IF, 1-3",2026-05-22 19:00:00+00:00,2026-05-22 17:00:00+00:00,Played,810,192451,4437479,9,Ettan
5819196,"Lund - Eskilsminne, 4-2",2026-05-22 19:00:00+00:00,2026-05-22 17:00:00+00:00,Played,810,192451,4437479,9,Ettan
5819178,"Eskilstuna - Arlanda, 0-0",2026-05-18 19:30:00+00:00,2026-05-18 17:30:00+00:00,Played,810,192451,4437479,8,Ettan
5819184,"Ängelholm - Kristianstad, 0-1",2026-05-18 19:00:00+00:00,2026-05-18 17:00:00+00:00,Played,810,192451,4437479,8,Ettan
5819185,"Ariana - Tvååker, 0-1",2026-05-18 19:00:00+00:00,2026-05-18 17:00:00+00:00,Played,810,192451,4437479,8,Ettan
5819186,"Laholms FK - Rosengård, 1-3",2026-05-18 19:00:00+00:00,2026-05-18 17:00:00+00:00,Played,810,192451,4437479,8,Ettan
5819177,"Stocksund - Piteå, 2-3",2026-05-17 16:00:00+00:00,2026-05-17 14:00:00+00:00,Played,810,192451,4437479,8,Ettan
5819183,"Trelleborg - Trollhättan, 2-2",2026-05-17 16:00:00+00:00,2026-05-17 14:00:00+00:00,Played,810,192451,4437479,8,Ettan
5819181,"Eskilsminne - Skövde AIK, 1-1",2026-05-17 16:00:00+00:00,2026-05-17 14:00:00+00:00,Played,810,192451,4437479,8,Ettan
5819182,"Olympic - Åtvidaberg, 2-3",2026-05-17 16:00:00+00:00,2026-05-17 14:00:00+00:00,Played,810,192451,4437479,8,Ettan
5819176,"Karlstad - Vasalund, 5-0",2026-05-17 16:00:00+00:00,2026-05-17 14:00:00+00:00,Played,810,192451,4437479,8,Ettan
5819175,"Gefle - Assyriska, 0-0",2026-05-17 16:00:00+00:00,2026-05-17 14:00:00+00:00,Played,810,192451,4437479,8,Ettan
5819173,"Enköping - Sollentuna, 1-0",2026-05-17 16:00:00+00:00,2026-05-17 14:00:00+00:00,Played,810,192451,4437479,8,Ettan
5819174,"FBK Karlstad - Umeå, 1-1",2026-05-17 13:00:00+00:00,2026-05-17 11:00:00+00:00,Played,810,192451,4437479,8,Ettan
5819179,"Jönköpings Södra - Hässleholms IF, 2-0",2026-05-17 13:00:00+00:00,2026-05-17 11:00:00+00:00,Played,810,192451,4437479,8,Ettan
5819180,"Lund - Utsikten, 5-0",2026-05-17 13:00:00+00:00,2026-05-17 11:00:00+00:00,Played,810,192451,4437479,8,Ettan
5819172,"Hammarby Talang - Stockholm Inter, 3-1",2026-05-16 16:00:00+00:00,2026-05-16 14:00:00+00:00,Played,810,192451,4437479,8,Ettan
5819171,"Karlberg - Järfälla, 1-3",2026-05-16 13:00:00+00:00,2026-05-16 11:00:00+00:00,Played,810,192451,4437479,8,Ettan
5819162,"Karlstad - Stocksund, 1-0",2026-05-14 16:00:00+00:00,2026-05-14 14:00:00+00:00,Played,810,192451,4437479,7,Ettan
5819168,"Ängelholm - Åtvidaberg, 2-2",2026-05-14 16:00:00+00:00,2026-05-14 14:00:00+00:00,Played,810,192451,4437479,7,Ettan
5819169,"Trelleborg - Jönköpings Södra, 1-1",2026-05-14 16:00:00+00:00,2026-05-14 14:00:00+00:00,Played,810,192451,4437479,7,Ettan
5819170,"Trollhättan - Ariana, 0-2",2026-05-14 16:00:00+00:00,2026-05-14 14:00:00+00:00,Played,810,192451,4437479,7,Ettan
5819161,"Assyriska - Umeå, 1-5",2026-05-14 15:00:00+00:00,2026-05-14 13:00:00+00:00,Played,810,192451,4437479,7,Ettan
5819159,"Piteå - FBK Karlstad, 1-5",2026-05-14 13:00:00+00:00,2026-05-14 11:00:00+00:00,Played,810,192451,4437479,7,Ettan
5819160,"Vasalund - Gefle, 1-0",2026-05-14 13:00:00+00:00,2026-05-14 11:00:00+00:00,Played,810,192451,4437479,7,Ettan
5819167,"Tvååker - Olympic, 1-0",2026-05-14 13:00:00+00:00,2026-05-14 11:00:00+00:00,Played,810,192451,4437479,7,Ettan
5819157,"Arlanda - Karlberg, 1-1",2026-05-13 19:30:00+00:00,2026-05-13 17:30:00+00:00,Played,810,192451,4437479,7,Ettan
5819158,"Järfälla - Enköping, 0-3",2026-05-13 19:30:00+00:00,2026-05-13 17:30:00+00:00,Played,810,192451,4437479,7,Ettan
5819155,"Sollentuna - Hammarby Talang, 0-2",2026-05-13 19:00:00+00:00,2026-05-13 17:00:00+00:00,Played,810,192451,4437479,7,Ettan
5819156,"Stockholm Inter - Eskilstuna, 0-2",2026-05-13 19:00:00+00:00,2026-05-13 17:00:00+00:00,Played,810,192451,4437479,7,Ettan
5819163,"Hässleholms IF - Eskilsminne, 1-3",2026-05-13 19:00:00+00:00,2026-05-13 17:00:00+00:00,Played,810,192451,4437479,7,Ettan
5819164,"Kristianstad - Rosengård, 1-2",2026-05-13 19:00:00+00:00,2026-05-13 17:00:00+00:00,Played,810,192451,4437479,7,Ettan
5819165,"Laholms FK - Lund, 4-3",2026-05-13 19:00:00+00:00,2026-05-13 17:00:00+00:00,Played,810,192451,4437479,7,Ettan
5819166,"Utsikten - Skövde AIK, 2-3",2026-05-13 19:00:00+00:00,2026-05-13 17:00:00+00:00,Played,810,192451,4437479,7,Ettan
5819154,"Jönköpings Södra - Laholms FK, 2-1",2026-05-10 16:00:00+00:00,2026-05-10 14:00:00+00:00,Played,810,192451,4437479,6,Ettan
5819146,"Vasalund - Piteå, 1-2",2026-05-10 16:00:00+00:00,2026-05-10 14:00:00+00:00,Played,810,192451,4437479,6,Ettan
5819153,"Åtvidaberg - Trelleborg, 1-2",2026-05-10 13:00:00+00:00,2026-05-10 11:00:00+00:00,Played,810,192451,4437479,6,Ettan
5819141,"Hammarby Talang - Assyriska, 4-0",2026-05-09 16:00:00+00:00,2026-05-09 14:00:00+00:00,Played,810,192451,4437479,6,Ettan
5819143,"FBK Karlstad - Järfälla, 2-0",2026-05-09 16:00:00+00:00,2026-05-09 14:00:00+00:00,Played,810,192451,4437479,6,Ettan
5819144,"Karlberg - Karlstad, 0-0",2026-05-09 16:00:00+00:00,2026-05-09 14:00:00+00:00,Played,810,192451,4437479,6,Ettan
5819145,"Stocksund - Stockholm Inter, 1-6",2026-05-09 16:00:00+00:00,2026-05-09 14:00:00+00:00,Played,810,192451,4437479,6,Ettan
5819149,"Eskilsminne - Utsikten, 4-0",2026-05-09 16:00:00+00:00,2026-05-09 14:00:00+00:00,Played,810,192451,4437479,6,Ettan
5819150,"Rosengård - Tvååker, 0-1",2026-05-09 16:00:00+00:00,2026-05-09 14:00:00+00:00,Played,810,192451,4437479,6,Ettan
5819151,"Skövde AIK - Ängelholm, 1-1",2026-05-09 16:00:00+00:00,2026-05-09 14:00:00+00:00,Played,810,192451,4437479,6,Ettan
5819152,"Trollhättan - Lund, 1-1",2026-05-09 16:00:00+00:00,2026-05-09 14:00:00+00:00,Played,810,192451,4437479,6,Ettan
5819148,"Olympic - Kristianstad, 2-0",2026-05-09 13:00:00+00:00,2026-05-09 11:00:00+00:00,Played,810,192451,4437479,6,Ettan
5819142,"Umeå - Gefle, 2-2",2026-05-09 13:00:00+00:00,2026-05-09 11:00:00+00:00,Played,810,192451,4437479,6,Ettan
5819140,"Arlanda - Sollentuna, 1-1",2026-05-09 13:00:00+00:00,2026-05-09 11:00:00+00:00,Played,810,192451,4437479,6,Ettan
5819139,"Enköping - Eskilstuna, 2-1",2026-05-08 19:00:00+00:00,2026-05-08 17:00:00+00:00,Played,810,192451,4437479,6,Ettan
5819147,"Ariana - Hässleholms IF, 3-2",2026-05-08 19:00:00+00:00,2026-05-08 17:00:00+00:00,Played,810,192451,4437479,6,Ettan
5819130,"Assyriska - Järfälla, 3-3",2026-05-03 16:00:00+00:00,2026-05-03 14:00:00+00:00,Played,810,192451,4437479,5,Ettan
5819128,"Piteå - Arlanda, 1-2",2026-05-03 15:00:00+00:00,2026-05-03 13:00:00+00:00,Played,810,192451,4437479,5,Ettan
5819129,"Umeå - Karlberg, 2-1",2026-05-03 15:00:00+00:00,2026-05-03 13:00:00+00:00,Played,810,192451,4437479,5,Ettan
5819127,"Stockholm Inter - Sollentuna, 1-1",2026-05-03 14:00:00+00:00,2026-05-03 12:00:00+00:00,Played,810,192451,4437479,5,Ettan
5819138,"Utsikten - Ariana, 0-3",2026-05-02 17:00:00+00:00,2026-05-02 15:00:00+00:00,Played,810,192451,4437479,5,Ettan
5819126,"Karlstad - Hammarby Talang, 0-2",2026-05-02 16:00:00+00:00,2026-05-02 14:00:00+00:00,Played,810,192451,4437479,5,Ettan
5819136,"Skövde AIK - Åtvidaberg, 0-0",2026-05-02 16:00:00+00:00,2026-05-02 14:00:00+00:00,Played,810,192451,4437479,5,Ettan
5819137,"Trollhättan - Rosengård, 0-2",2026-05-02 16:00:00+00:00,2026-05-02 14:00:00+00:00,Played,810,192451,4437479,5,Ettan
5819125,"Gefle - Enköping, 2-1",2026-05-02 16:00:00+00:00,2026-05-02 14:00:00+00:00,Played,810,192451,4437479,5,Ettan
5819124,"Eskilstuna - FBK Karlstad, 0-2",2026-05-02 16:00:00+00:00,2026-05-02 14:00:00+00:00,Played,810,192451,4437479,5,Ettan
5819133,"Jönköpings Södra - Kristianstad, 3-0",2026-05-02 13:00:00+00:00,2026-05-02 11:00:00+00:00,Played,810,192451,4437479,5,Ettan
5819134,"Trelleborg - Olympic, 2-1",2026-05-02 13:00:00+00:00,2026-05-02 11:00:00+00:00,Played,810,192451,4437479,5,Ettan
5819135,"Tvååker - Laholms FK, 1-2",2026-05-02 13:00:00+00:00,2026-05-02 11:00:00+00:00,Played,810,192451,4437479,5,Ettan
5819123,"Stocksund - Vasalund, 2-2",2026-05-01 19:00:00+00:00,2026-05-01 17:00:00+00:00,Played,810,192451,4437479,5,Ettan
5819131,"Eskilsminne - Ängelholm, 0-6",2026-05-01 13:00:00+00:00,2026-05-01 11:00:00+00:00,Played,810,192451,4437479,5,Ettan
5819132,"Hässleholms IF - Lund, 0-1",2026-05-01 13:00:00+00:00,2026-05-01 11:00:00+00:00,Played,810,192451,4437479,5,Ettan
5819114,"Hammarby Talang - Vasalund, 2-2",2026-04-27 19:00:00+00:00,2026-04-27 17:00:00+00:00,Played,810,192451,4437479,4,Ettan
5819113,"Karlberg - Gefle, 3-2",2026-04-26 16:00:00+00:00,2026-04-26 14:00:00+00:00,Played,810,192451,4437479,4,Ettan
5819122,"Kristianstad - Utsikten, 4-1",2026-04-26 16:00:00+00:00,2026-04-26 14:00:00+00:00,Played,810,192451,4437479,4,Ettan
5819121,"Olympic - Jönköpings Södra, 3-1",2026-04-26 16:00:00+00:00,2026-04-26 14:00:00+00:00,Played,810,192451,4437479,4,Ettan
5819112,"Järfälla - Piteå, 1-0",2026-04-26 16:00:00+00:00,2026-04-26 14:00:00+00:00,Played,810,192451,4437479,4,Ettan
5819111,"Eskilstuna - Karlstad, 0-2",2026-04-26 16:00:00+00:00,2026-04-26 14:00:00+00:00,Played,810,192451,4437479,4,Ettan
5819110,"Stockholm Inter - Umeå, 3-0",2026-04-26 15:00:00+00:00,2026-04-26 13:00:00+00:00,Played,810,192451,4437479,4,Ettan
5819108,"FBK Karlstad - Stocksund, 1-0",2026-04-25 16:00:00+00:00,2026-04-25 14:00:00+00:00,Played,810,192451,4437479,4,Ettan
5819109,"Sollentuna - Assyriska, 0-0",2026-04-25 16:00:00+00:00,2026-04-25 14:00:00+00:00,Played,810,192451,4437479,4,Ettan
5819119,"Åtvidaberg - Ariana, 3-0",2026-04-25 16:00:00+00:00,2026-04-25 14:00:00+00:00,Played,810,192451,4437479,4,Ettan
5819120,"Laholms FK - Trelleborg, 0-4",2026-04-25 16:00:00+00:00,2026-04-25 14:00:00+00:00,Played,810,192451,4437479,4,Ettan
5819116,"Ängelholm - Hässleholms IF, 1-1",2026-04-25 13:00:00+00:00,2026-04-25 11:00:00+00:00,Played,810,192451,4437479,4,Ettan
5819117,"Lund - Tvååker, 1-0",2026-04-25 13:00:00+00:00,2026-04-25 11:00:00+00:00,Played,810,192451,4437479,4,Ettan
5819118,"Rosengård - Eskilsminne, 0-3",2026-04-25 13:00:00+00:00,2026-04-25 11:00:00+00:00,Played,810,192451,4437479,4,Ettan
5819107,"Enköping - Arlanda, 1-7",2026-04-24 19:30:00+00:00,2026-04-24 17:30:00+00:00,Played,810,192451,4437479,4,Ettan
5819115,"Trollhättan - Skövde AIK, 1-1",2026-04-24 19:00:00+00:00,2026-04-24 17:00:00+00:00,Played,810,192451,4437479,4,Ettan
5819098,"Stocksund - Eskilstuna, 4-4",2026-04-20 19:30:00+00:00,2026-04-20 17:30:00+00:00,Played,810,192451,4437479,3,Ettan
5819106,"Åtvidaberg - Kristianstad, 2-1",2026-04-19 16:00:00+00:00,2026-04-19 14:00:00+00:00,Played,810,192451,4437479,3,Ettan
5819096,"Assyriska - Karlberg, 3-4",2026-04-19 16:00:00+00:00,2026-04-19 14:00:00+00:00,Played,810,192451,4437479,3,Ettan
5819095,"Vasalund - Umeå, 3-1",2026-04-19 15:00:00+00:00,2026-04-19 13:00:00+00:00,Played,810,192451,4437479,3,Ettan
5819097,"Piteå - Hammarby Talang, 1-4",2026-04-19 14:00:00+00:00,2026-04-19 12:00:00+00:00,Played,810,192451,4437479,3,Ettan
5819105,"Ängelholm - Lund, 0-0",2026-04-19 13:00:00+00:00,2026-04-19 11:00:00+00:00,Played,810,192451,4437479,3,Ettan
5819102,"Utsikten - Trollhättan, 1-2",2026-04-18 17:00:00+00:00,2026-04-18 15:00:00+00:00,Played,810,192451,4437479,3,Ettan
5819092,"Arlanda - Stockholm Inter, 0-0",2026-04-18 16:00:00+00:00,2026-04-18 14:00:00+00:00,Played,810,192451,4437479,3,Ettan
5819093,"Gefle - Sollentuna, 1-2",2026-04-18 16:00:00+00:00,2026-04-18 14:00:00+00:00,Played,810,192451,4437479,3,Ettan
5819094,"Karlstad - Järfälla, 2-1",2026-04-18 16:00:00+00:00,2026-04-18 14:00:00+00:00,Played,810,192451,4437479,3,Ettan
5819103,"Eskilsminne - Jönköpings Södra, 2-2",2026-04-18 16:00:00+00:00,2026-04-18 14:00:00+00:00,Played,810,192451,4437479,3,Ettan
5819104,"Skövde AIK - Laholms FK, 1-0",2026-04-18 16:00:00+00:00,2026-04-18 14:00:00+00:00,Played,810,192451,4437479,3,Ettan
5819091,"Enköping - FBK Karlstad, 2-1",2026-04-18 13:00:00+00:00,2026-04-18 11:00:00+00:00,Played,810,192451,4437479,3,Ettan
5819100,"Ariana - Rosengård, 1-1",2026-04-18 13:00:00+00:00,2026-04-18 11:00:00+00:00,Played,810,192451,4437479,3,Ettan
5819101,"Trelleborg - Tvååker, 4-1",2026-04-18 13:00:00+00:00,2026-04-18 11:00:00+00:00,Played,810,192451,4437479,3,Ettan
5819099,"Hässleholms IF - Olympic, 4-0",2026-04-17 19:00:00+00:00,2026-04-17 17:00:00+00:00,Played,810,192451,4437479,3,Ettan
5819082,"Jönköpings Södra - Utsikten, 1-2",2026-04-12 16:00:00+00:00,2026-04-12 14:00:00+00:00,Played,810,192451,4437479,2,Ettan
5819089,"Stockholm Inter - Karlstad, 0-1",2026-04-12 16:00:00+00:00,2026-04-12 14:00:00+00:00,Played,810,192451,4437479,2,Ettan
5819090,"Vasalund - FBK Karlstad, 1-3",2026-04-12 16:00:00+00:00,2026-04-12 14:00:00+00:00,Played,810,192451,4437479,2,Ettan
5819087,"Piteå - Assyriska, 0-2",2026-04-12 14:00:00+00:00,2026-04-12 12:00:00+00:00,Played,810,192451,4437479,2,Ettan
5819088,"Umeå - Arlanda, 0-1",2026-04-12 13:00:00+00:00,2026-04-12 11:00:00+00:00,Played,810,192451,4437479,2,Ettan
5819079,"Kristianstad - Skövde AIK, 0-0",2026-04-11 16:00:00+00:00,2026-04-11 14:00:00+00:00,Played,810,192451,4437479,2,Ettan
5819080,"Lund - Åtvidaberg, 2-0",2026-04-11 16:00:00+00:00,2026-04-11 14:00:00+00:00,Played,810,192451,4437479,2,Ettan
5819081,"Olympic - Trollhättan, 1-2",2026-04-11 16:00:00+00:00,2026-04-11 14:00:00+00:00,Played,810,192451,4437479,2,Ettan
5819084,"Gefle - Eskilstuna, 4-3",2026-04-11 16:00:00+00:00,2026-04-11 14:00:00+00:00,Played,810,192451,4437479,2,Ettan
5819086,"Stocksund - Hammarby Talang, 2-4",2026-04-11 16:00:00+00:00,2026-04-11 14:00:00+00:00,Played,810,192451,4437479,2,Ettan
5819085,"Järfälla - Sollentuna, 0-1",2026-04-11 16:00:00+00:00,2026-04-11 14:00:00+00:00,Played,810,192451,4437479,2,Ettan
5819078,"Tvååker - Eskilsminne, 1-0",2026-04-11 13:00:00+00:00,2026-04-11 11:00:00+00:00,Played,810,192451,4437479,2,Ettan
5819076,"Laholms FK - Ängelholm, 1-1",2026-04-11 13:00:00+00:00,2026-04-11 11:00:00+00:00,Played,810,192451,4437479,2,Ettan
5819077,"Trelleborg - Ariana, 1-1",2026-04-11 13:00:00+00:00,2026-04-11 11:00:00+00:00,Played,810,192451,4437479,2,Ettan
5819083,"Karlberg - Enköping, 1-3",2026-04-10 19:30:00+00:00,2026-04-10 17:30:00+00:00,Played,810,192451,4437479,2,Ettan
5819075,"Hässleholms IF - Rosengård, 1-1",2026-04-10 19:00:00+00:00,2026-04-10 17:00:00+00:00,Played,810,192451,4437479,2,Ettan
5819066,"Hammarby Talang - Umeå, 1-2",2026-04-06 15:00:00+00:00,2026-04-06 13:00:00+00:00,Played,810,192451,4437479,1,Ettan
5819065,"Karlstad - Piteå, 2-1",2026-04-06 13:00:00+00:00,2026-04-06 11:00:00+00:00,Played,810,192451,4437479,1,Ettan
5819074,"Skövde AIK - Tvååker, 0-0",2026-04-06 13:00:00+00:00,2026-04-06 11:00:00+00:00,Played,810,192451,4437479,1,Ettan
5819064,"Assyriska - Stockholm Inter, 1-2",2026-04-05 16:00:00+00:00,2026-04-05 14:00:00+00:00,Played,810,192451,4437479,1,Ettan
5819073,"Åtvidaberg - Jönköpings Södra, 1-0",2026-04-05 16:00:00+00:00,2026-04-05 14:00:00+00:00,Played,810,192451,4437479,1,Ettan
5819062,"Eskilstuna - Järfälla, 1-1",2026-04-04 16:00:00+00:00,2026-04-04 14:00:00+00:00,Played,810,192451,4437479,1,Ettan
5819063,"Sollentuna - Karlberg, 0-1",2026-04-04 16:00:00+00:00,2026-04-04 14:00:00+00:00,Played,810,192451,4437479,1,Ettan
5819072,"Rosengård - Lund, 2-2",2026-04-04 13:00:00+00:00,2026-04-04 11:00:00+00:00,Played,810,192451,4437479,1,Ettan
5819061,"Enköping - Stocksund, 3-2",2026-04-04 13:00:00+00:00,2026-04-04 11:00:00+00:00,Played,810,192451,4437479,1,Ettan
5819071,"Eskilsminne - Laholms FK, 1-0",2026-04-04 13:00:00+00:00,2026-04-04 11:00:00+00:00,Played,810,192451,4437479,1,Ettan
5819060,"FBK Karlstad - Gefle, 2-1",2026-04-03 16:00:00+00:00,2026-04-03 14:00:00+00:00,Played,810,192451,4437479,1,Ettan
5819069,"Trollhättan - Hässleholms IF, 3-3",2026-04-03 16:00:00+00:00,2026-04-03 14:00:00+00:00,Played,810,192451,4437479,1,Ettan
5819070,"Utsikten - Olympic, 1-3",2026-04-03 16:00:00+00:00,2026-04-03 14:00:00+00:00,Played,810,192451,4437479,1,Ettan
5819059,"Arlanda - Vasalund, 2-1",2026-04-03 13:00:00+00:00,2026-04-03 11:00:00+00:00,Played,810,192451,4437479,1,Ettan
5819067,"Ängelholm - Trelleborg, 1-5",2026-04-03 13:00:00+00:00,2026-04-03 11:00:00+00:00,Played,810,192451,4437479,1,Ettan
5819068,"Ariana - Kristianstad, 2-2",2026-04-03 13:00:00+00:00,2026-04-03 11:00:00+00:00,Played,810,192451,4437479,1,Ettan
5678946,"Sollentuna - Karlberg, 2-2",2025-11-09 15:00:00+00:00,2025-11-09 14:00:00+00:00,Played,810,190620,4434167,30,Ettan
5678944,"Stocksund - Vasalund, 1-7",2025-11-09 15:00:00+00:00,2025-11-09 14:00:00+00:00,Played,810,190620,4434167,30,Ettan
5678947,"Stockholm Inter - Assyriska, 0-1",2025-11-09 15:00:00+00:00,2025-11-09 14:00:00+00:00,Played,810,190620,4434167,30,Ettan
5678945,"United Nordic - Arlanda, 3-2",2025-11-09 15:00:00+00:00,2025-11-09 14:00:00+00:00,Played,810,190620,4434167,30,Ettan
5678941,"Gefle - Örebro Syrianska, 3-3",2025-11-09 15:00:00+00:00,2025-11-09 14:00:00+00:00,Played,810,190620,4434167,30,Ettan
5678943,"Haninge - Enköping, 0-0",2025-11-09 15:00:00+00:00,2025-11-09 14:00:00+00:00,Played,810,190620,4434167,30,Ettan
5678940,"Eskilstuna - Team Thoren, 1-0",2025-11-09 15:00:00+00:00,2025-11-09 14:00:00+00:00,Played,810,190620,4434167,30,Ettan
5678942,"Karlstad - Hammarby Talang, 1-2",2025-11-09 15:00:00+00:00,2025-11-09 14:00:00+00:00,Played,810,190620,4434167,30,Ettan
5678952,"Hässleholms IF - Ängelholm, 3-0",2025-11-08 15:00:00+00:00,2025-11-08 14:00:00+00:00,Played,810,190620,4434167,30,Ettan
5678954,"Oskarshamns AIK - Ljungskile, 2-1",2025-11-08 15:00:00+00:00,2025-11-08 14:00:00+00:00,Played,810,190620,4434167,30,Ettan
5678953,"Lund - IFK Skövde, 1-0",2025-11-08 15:00:00+00:00,2025-11-08 14:00:00+00:00,Played,810,190620,4434167,30,Ettan
5678955,"Skövde AIK - Olympic, 3-2",2025-11-08 15:00:00+00:00,2025-11-08 14:00:00+00:00,Played,810,190620,4434167,30,Ettan
5678951,"Husqvarna - Rosengård, 5-0",2025-11-08 15:00:00+00:00,2025-11-08 14:00:00+00:00,Played,810,190620,4434167,30,Ettan
5678950,"Trollhättan - Norrby, 2-3",2025-11-08 15:00:00+00:00,2025-11-08 14:00:00+00:00,Played,810,190620,4434167,30,Ettan
5678949,"Eskilsminne - Jönköpings Södra, 4-2",2025-11-08 15:00:00+00:00,2025-11-08 14:00:00+00:00,Played,810,190620,4434167,30,Ettan
5678948,"Ariana - Torslanda, 1-4",2025-11-08 15:00:00+00:00,2025-11-08 14:00:00+00:00,Played,810,190620,4434167,30,Ettan
5678927,"Hammarby Talang - Stocksund, 4-1",2025-11-03 19:00:00+00:00,2025-11-03 18:00:00+00:00,Played,810,190620,4434167,29,Ettan
5678924,"Assyriska - Gefle, 1-2",2025-11-02 16:00:00+00:00,2025-11-02 15:00:00+00:00,Played,810,190620,4434167,29,Ettan
5678925,"Enköping - Stockholm Inter, 0-2",2025-11-02 16:00:00+00:00,2025-11-02 15:00:00+00:00,Played,810,190620,4434167,29,Ettan
5678930,"Vasalund - Haninge, 3-1",2025-11-02 16:00:00+00:00,2025-11-02 15:00:00+00:00,Played,810,190620,4434167,29,Ettan
5678932,"Olympic - Trollhättan, 2-3",2025-11-02 16:00:00+00:00,2025-11-02 15:00:00+00:00,Played,810,190620,4434167,29,Ettan
5678929,"Team Thoren - Sollentuna, 0-0",2025-11-02 15:00:00+00:00,2025-11-02 14:00:00+00:00,Played,810,190620,4434167,29,Ettan
5678938,"Torslanda - Lund, 3-1",2025-11-02 14:00:00+00:00,2025-11-02 13:00:00+00:00,Played,810,190620,4434167,29,Ettan
5678934,"IFK Skövde - Eskilsminne, 1-3",2025-11-01 16:00:00+00:00,2025-11-01 15:00:00+00:00,Played,810,190620,4434167,29,Ettan
5678935,"Jönköpings Södra - Ariana, 1-0",2025-11-01 16:00:00+00:00,2025-11-01 15:00:00+00:00,Played,810,190620,4434167,29,Ettan
5678939,"Ängelholm - Oskarshamns AIK, 1-2",2025-11-01 16:00:00+00:00,2025-11-01 15:00:00+00:00,Played,810,190620,4434167,29,Ettan
5678928,"Karlberg - United Nordic, 1-4",2025-11-01 16:00:00+00:00,2025-11-01 15:00:00+00:00,Played,810,190620,4434167,29,Ettan
5678926,"Arlanda - Karlstad, 3-5",2025-11-01 16:00:00+00:00,2025-11-01 15:00:00+00:00,Played,810,190620,4434167,29,Ettan
5678931,"Örebro Syrianska - Eskilstuna, 2-4",2025-11-01 13:00:00+00:00,2025-11-01 12:00:00+00:00,Played,810,190620,4434167,29,Ettan
5678933,"Rosengård - Hässleholms IF, 1-2",2025-11-01 13:00:00+00:00,2025-11-01 12:00:00+00:00,Played,810,190620,4434167,29,Ettan
5678936,"Ljungskile - Skövde AIK, 5-1",2025-11-01 13:00:00+00:00,2025-11-01 12:00:00+00:00,Played,810,190620,4434167,29,Ettan
5678937,"Norrby - Husqvarna, 4-1",2025-11-01 13:00:00+00:00,2025-11-01 12:00:00+00:00,Played,810,190620,4434167,29,Ettan
5678911,"Haninge - Team Thoren, 3-2",2025-10-26 16:00:00+00:00,2025-10-26 15:00:00+00:00,Played,810,190620,4434167,28,Ettan
5678920,"Norrby - IFK Skövde, 4-0",2025-10-26 16:00:00+00:00,2025-10-26 15:00:00+00:00,Played,810,190620,4434167,28,Ettan
5678923,"Ängelholm - Eskilsminne, 2-2",2025-10-26 16:00:00+00:00,2025-10-26 15:00:00+00:00,Played,810,190620,4434167,28,Ettan
5678909,"Arlanda - Vasalund, 4-1",2025-10-26 13:00:00+00:00,2025-10-26 12:00:00+00:00,Played,810,190620,4434167,28,Ettan
5678910,"Gefle - Hammarby Talang, 2-4",2025-10-26 13:00:00+00:00,2025-10-26 12:00:00+00:00,Played,810,190620,4434167,28,Ettan
5678921,"Oskarshamns AIK - Lund, 2-2",2025-10-25 16:00:00+00:00,2025-10-25 14:00:00+00:00,Played,810,190620,4434167,28,Ettan
5678922,"Skövde AIK - Hässleholms IF, 0-1",2025-10-25 16:00:00+00:00,2025-10-25 14:00:00+00:00,Played,810,190620,4434167,28,Ettan
5678913,"Karlberg - Assyriska, 2-3",2025-10-25 16:00:00+00:00,2025-10-25 14:00:00+00:00,Played,810,190620,4434167,28,Ettan
5678918,"Husqvarna - Torslanda, 5-0",2025-10-25 16:00:00+00:00,2025-10-25 14:00:00+00:00,Played,810,190620,4434167,28,Ettan
5678908,"Eskilstuna - Stockholm Inter, 0-3",2025-10-25 16:00:00+00:00,2025-10-25 14:00:00+00:00,Played,810,190620,4434167,28,Ettan
5678919,"Ljungskile - Rosengård, 2-0",2025-10-25 14:00:00+00:00,2025-10-25 12:00:00+00:00,Played,810,190620,4434167,28,Ettan
5678912,"Stocksund - Enköping, 2-3",2025-10-25 13:00:00+00:00,2025-10-25 11:00:00+00:00,Played,810,190620,4434167,28,Ettan
5678914,"Sollentuna - United Nordic, 3-3",2025-10-25 13:00:00+00:00,2025-10-25 11:00:00+00:00,Played,810,190620,4434167,28,Ettan
5678916,"Ariana - Olympic, 4-2",2025-10-25 13:00:00+00:00,2025-10-25 11:00:00+00:00,Played,810,190620,4434167,28,Ettan
5678917,"Trollhättan - Jönköpings Södra, 0-1",2025-10-25 13:00:00+00:00,2025-10-25 11:00:00+00:00,Played,810,190620,4434167,28,Ettan
5678915,"Örebro Syrianska - Karlstad, 1-2",2025-10-24 19:00:00+00:00,2025-10-24 17:00:00+00:00,Played,810,190620,4434167,28,Ettan
5678894,"Hammarby Talang - Karlberg, 1-1",2025-10-20 19:00:00+00:00,2025-10-20 17:00:00+00:00,Played,810,190620,4434167,27,Ettan
5678905,"Jönköpings Södra - Ljungskile, 1-3",2025-10-19 16:00:00+00:00,2025-10-19 14:00:00+00:00,Played,810,190620,4434167,27,Ettan
5678899,"Vasalund - Eskilstuna, 4-2",2025-10-19 16:00:00+00:00,2025-10-19 14:00:00+00:00,Played,810,190620,4434167,27,Ettan
5678896,"United Nordic - Haninge, 6-0",2025-10-19 16:00:00+00:00,2025-10-19 14:00:00+00:00,Played,810,190620,4434167,27,Ettan
5678893,"Enköping - Arlanda, 1-3",2025-10-19 16:00:00+00:00,2025-10-19 14:00:00+00:00,Played,810,190620,4434167,27,Ettan
5678898,"Team Thoren - Örebro Syrianska, 0-1",2025-10-19 13:00:00+00:00,2025-10-19 11:00:00+00:00,Played,810,190620,4434167,27,Ettan
5678900,"Olympic - Oskarshamns AIK, 2-2",2025-10-18 16:00:00+00:00,2025-10-18 14:00:00+00:00,Played,810,190620,4434167,27,Ettan
5678901,"Eskilsminne - Skövde AIK, 4-0",2025-10-18 16:00:00+00:00,2025-10-18 14:00:00+00:00,Played,810,190620,4434167,27,Ettan
5678903,"Hässleholms IF - Husqvarna, 1-0",2025-10-18 16:00:00+00:00,2025-10-18 14:00:00+00:00,Played,810,190620,4434167,27,Ettan
5678895,"Karlstad - Sollentuna, 1-1",2025-10-18 16:00:00+00:00,2025-10-18 14:00:00+00:00,Played,810,190620,4434167,27,Ettan
5678897,"Stockholm Inter - Gefle, 2-0",2025-10-18 13:00:00+00:00,2025-10-18 11:00:00+00:00,Played,810,190620,4434167,27,Ettan
5678902,"Rosengård - Ariana, 1-3",2025-10-18 13:00:00+00:00,2025-10-18 11:00:00+00:00,Played,810,190620,4434167,27,Ettan
5678907,"Torslanda - Norrby, 1-3",2025-10-18 13:00:00+00:00,2025-10-18 11:00:00+00:00,Played,810,190620,4434167,27,Ettan
5678904,"IFK Skövde - Trollhättan, 1-4",2025-10-17 19:00:00+00:00,2025-10-17 17:00:00+00:00,Played,810,190620,4434167,27,Ettan
5678906,"Lund - Ängelholm, 1-2",2025-10-17 19:00:00+00:00,2025-10-17 17:00:00+00:00,Played,810,190620,4434167,27,Ettan
5678892,"Assyriska - Stocksund, 3-3",2025-10-17 19:00:00+00:00,2025-10-17 17:00:00+00:00,Played,810,190620,4434167,27,Ettan
5678888,"Hässleholms IF - Norrby, 1-0",2025-10-12 16:00:00+00:00,2025-10-12 14:00:00+00:00,Played,810,190620,4434167,26,Ettan
5678878,"Gefle - United Nordic, 0-2",2025-10-12 16:00:00+00:00,2025-10-12 14:00:00+00:00,Played,810,190620,4434167,26,Ettan
5678877,"Arlanda - Team Thoren, 4-3",2025-10-12 15:30:00+00:00,2025-10-12 13:30:00+00:00,Played,810,190620,4434167,26,Ettan
5678885,"Rosengård - Olympic, 1-3",2025-10-12 13:00:00+00:00,2025-10-12 11:00:00+00:00,Played,810,190620,4434167,26,Ettan
5678876,"Eskilstuna - Stocksund, 3-4",2025-10-11 16:00:00+00:00,2025-10-11 14:00:00+00:00,Played,810,190620,4434167,26,Ettan
5678879,"Haninge - Hammarby Talang, 1-2",2025-10-11 16:00:00+00:00,2025-10-11 14:00:00+00:00,Played,810,190620,4434167,26,Ettan
5678882,"Stockholm Inter - Karlstad, 0-1",2025-10-11 16:00:00+00:00,2025-10-11 14:00:00+00:00,Played,810,190620,4434167,26,Ettan
5678886,"Trollhättan - Torslanda, 4-0",2025-10-11 16:00:00+00:00,2025-10-11 14:00:00+00:00,Played,810,190620,4434167,26,Ettan
5678890,"Oskarshamns AIK - Jönköpings Södra, 0-0",2025-10-11 16:00:00+00:00,2025-10-11 14:00:00+00:00,Played,810,190620,4434167,26,Ettan
5678891,"Skövde AIK - Lund, 1-0",2025-10-11 16:00:00+00:00,2025-10-11 14:00:00+00:00,Played,810,190620,4434167,26,Ettan
5678889,"Ljungskile - Eskilsminne, 3-0",2025-10-11 13:00:00+00:00,2025-10-11 11:00:00+00:00,Played,810,190620,4434167,26,Ettan
5678880,"Karlberg - Vasalund, 0-0",2025-10-11 13:00:00+00:00,2025-10-11 11:00:00+00:00,Played,810,190620,4434167,26,Ettan
5678881,"Sollentuna - Assyriska, 2-1",2025-10-11 13:00:00+00:00,2025-10-11 11:00:00+00:00,Played,810,190620,4434167,26,Ettan
5678883,"Örebro Syrianska - Enköping, 1-1",2025-10-10 19:30:00+00:00,2025-10-10 17:30:00+00:00,Played,810,190620,4434167,26,Ettan
5678884,"Ariana - Ängelholm, 1-3",2025-10-10 19:00:00+00:00,2025-10-10 17:00:00+00:00,Played,810,190620,4434167,26,Ettan
5678887,"Husqvarna - IFK Skövde, 1-2",2025-10-10 19:00:00+00:00,2025-10-10 17:00:00+00:00,Played,810,190620,4434167,26,Ettan
5678872,"Jönköpings Södra - Skövde AIK, 1-0",2025-10-06 19:00:00+00:00,2025-10-06 17:00:00+00:00,Played,810,190620,4434167,25,Ettan
5678861,"Hammarby Talang - Arlanda, 3-1",2025-10-05 16:00:00+00:00,2025-10-05 14:00:00+00:00,Played,810,190620,4434167,25,Ettan
5678862,"Karlstad - Haninge, 7-1",2025-10-05 16:00:00+00:00,2025-10-05 14:00:00+00:00,Played,810,190620,4434167,25,Ettan
5678865,"Team Thoren - Gefle, 0-1",2025-10-05 16:00:00+00:00,2025-10-05 14:00:00+00:00,Played,810,190620,4434167,25,Ettan
5678869,"Eskilsminne - Oskarshamns AIK, 3-1",2025-10-05 16:00:00+00:00,2025-10-05 14:00:00+00:00,Played,810,190620,4434167,25,Ettan
5678873,"Norrby - Rosengård, 2-1",2025-10-05 16:00:00+00:00,2025-10-05 14:00:00+00:00,Played,810,190620,4434167,25,Ettan
5678871,"IFK Skövde - Olympic, 3-1",2025-10-04 16:00:00+00:00,2025-10-04 14:00:00+00:00,Played,810,190620,4434167,25,Ettan
5678875,"Ängelholm - Trollhättan, 1-2",2025-10-04 16:00:00+00:00,2025-10-04 14:00:00+00:00,Played,810,190620,4434167,25,Ettan
5678874,"Torslanda - Hässleholms IF, 0-5",2025-10-04 16:00:00+00:00,2025-10-04 14:00:00+00:00,Played,810,190620,4434167,25,Ettan
5678860,"Enköping - Assyriska, 3-1",2025-10-04 16:00:00+00:00,2025-10-04 14:00:00+00:00,Played,810,190620,4434167,25,Ettan
5678867,"Örebro Syrianska - Karlberg, 1-1",2025-10-04 16:00:00+00:00,2025-10-04 14:00:00+00:00,Played,810,190620,4434167,25,Ettan
5678864,"United Nordic - Eskilstuna, 3-2",2025-10-04 16:00:00+00:00,2025-10-04 14:00:00+00:00,Played,810,190620,4434167,25,Ettan
5678863,"Stocksund - Sollentuna, 2-1",2025-10-04 13:00:00+00:00,2025-10-04 11:00:00+00:00,Played,810,190620,4434167,25,Ettan
5678870,"Husqvarna - Ljungskile, 2-0",2025-10-04 13:00:00+00:00,2025-10-04 11:00:00+00:00,Played,810,190620,4434167,25,Ettan
5678866,"Vasalund - Stockholm Inter, 1-1",2025-10-03 19:00:00+00:00,2025-10-03 17:00:00+00:00,Played,810,190620,4434167,25,Ettan
5678868,"Ariana - Lund, 0-1",2025-10-03 19:00:00+00:00,2025-10-03 17:00:00+00:00,Played,810,190620,4434167,25,Ettan
5678854,"Trollhättan - Ariana, 2-1",2025-09-28 16:00:00+00:00,2025-09-28 14:00:00+00:00,Played,810,190620,4434167,24,Ettan
5678844,"Assyriska - Haninge, 3-0",2025-09-28 16:00:00+00:00,2025-09-28 14:00:00+00:00,Played,810,190620,4434167,24,Ettan
5678845,"Eskilstuna - Hammarby Talang, 3-1",2025-09-27 16:00:00+00:00,2025-09-27 14:00:00+00:00,Played,810,190620,4434167,24,Ettan
5678846,"Arlanda - Örebro Syrianska, 0-2",2025-09-27 16:00:00+00:00,2025-09-27 14:00:00+00:00,Played,810,190620,4434167,24,Ettan
5678852,"Olympic - Norrby, 0-2",2025-09-27 16:00:00+00:00,2025-09-27 14:00:00+00:00,Played,810,190620,4434167,24,Ettan
5678855,"Hässleholms IF - Jönköpings Södra, 1-2",2025-09-27 16:00:00+00:00,2025-09-27 14:00:00+00:00,Played,810,190620,4434167,24,Ettan
5678858,"Oskarshamns AIK - IFK Skövde, 1-0",2025-09-27 16:00:00+00:00,2025-09-27 14:00:00+00:00,Played,810,190620,4434167,24,Ettan
5678859,"Skövde AIK - Ängelholm, 0-0",2025-09-27 15:00:00+00:00,2025-09-27 13:00:00+00:00,Played,810,190620,4434167,24,Ettan
5678847,"Karlstad - Enköping, 2-0",2025-09-27 13:00:00+00:00,2025-09-27 11:00:00+00:00,Played,810,190620,4434167,24,Ettan
5678848,"Stocksund - Gefle, 2-2",2025-09-27 13:00:00+00:00,2025-09-27 11:00:00+00:00,Played,810,190620,4434167,24,Ettan
5678850,"Sollentuna - Stockholm Inter, 1-1",2025-09-27 13:00:00+00:00,2025-09-27 11:00:00+00:00,Played,810,190620,4434167,24,Ettan
5678853,"Eskilsminne - Husqvarna, 0-2",2025-09-27 13:00:00+00:00,2025-09-27 11:00:00+00:00,Played,810,190620,4434167,24,Ettan
5678856,"Ljungskile - Torslanda, 3-0",2025-09-27 13:00:00+00:00,2025-09-27 11:00:00+00:00,Played,810,190620,4434167,24,Ettan
5678851,"Team Thoren - Karlberg, 2-4",2025-09-27 12:00:00+00:00,2025-09-27 10:00:00+00:00,Played,810,190620,4434167,24,Ettan
5678857,"Lund - Rosengård, 1-0",2025-09-26 19:00:00+00:00,2025-09-26 17:00:00+00:00,Played,810,190620,4434167,24,Ettan
5678849,"United Nordic - Vasalund, 4-1",2025-09-26 19:00:00+00:00,2025-09-26 17:00:00+00:00,Played,810,190620,4434167,24,Ettan
5678831,"Hammarby Talang - Sollentuna, 4-0",2025-09-22 19:00:00+00:00,2025-09-22 17:00:00+00:00,Played,810,190620,4434167,23,Ettan
5678828,"Assyriska - Arlanda, 1-2",2025-09-21 16:00:00+00:00,2025-09-21 14:00:00+00:00,Played,810,190620,4434167,23,Ettan
5678830,"Gefle - Karlstad, 1-1",2025-09-21 16:00:00+00:00,2025-09-21 14:00:00+00:00,Played,810,190620,4434167,23,Ettan
5678840,"Norrby - Ariana, 2-1",2025-09-21 16:00:00+00:00,2025-09-21 14:00:00+00:00,Played,810,190620,4434167,23,Ettan
5678843,"Ängelholm - Ljungskile, 1-2",2025-09-21 16:00:00+00:00,2025-09-21 14:00:00+00:00,Played,810,190620,4434167,23,Ettan
5678834,"Stockholm Inter - Team Thoren, 5-0",2025-09-21 15:00:00+00:00,2025-09-21 13:00:00+00:00,Played,810,190620,4434167,23,Ettan
5678833,"Karlberg - Eskilstuna, 4-2",2025-09-20 16:00:00+00:00,2025-09-20 14:00:00+00:00,Played,810,190620,4434167,23,Ettan
5678837,"Rosengård - Skövde AIK, 3-1",2025-09-20 16:00:00+00:00,2025-09-20 14:00:00+00:00,Played,810,190620,4434167,23,Ettan
5678838,"IFK Skövde - Hässleholms IF, 0-1",2025-09-20 16:00:00+00:00,2025-09-20 14:00:00+00:00,Played,810,190620,4434167,23,Ettan
5678841,"Oskarshamns AIK - Trollhättan, 2-0",2025-09-20 16:00:00+00:00,2025-09-20 14:00:00+00:00,Played,810,190620,4434167,23,Ettan
5678836,"Olympic - Lund, 3-2",2025-09-20 13:00:00+00:00,2025-09-20 11:00:00+00:00,Played,810,190620,4434167,23,Ettan
5678842,"Torslanda - Eskilsminne, 2-1",2025-09-20 13:00:00+00:00,2025-09-20 11:00:00+00:00,Played,810,190620,4434167,23,Ettan
5678829,"Enköping - United Nordic, 1-3",2025-09-20 13:00:00+00:00,2025-09-20 11:00:00+00:00,Played,810,190620,4434167,23,Ettan
5678835,"Örebro Syrianska - Vasalund, 0-5",2025-09-20 13:00:00+00:00,2025-09-20 11:00:00+00:00,Played,810,190620,4434167,23,Ettan
5678832,"Haninge - Stocksund, 2-4",2025-09-19 19:30:00+00:00,2025-09-19 17:30:00+00:00,Played,810,190620,4434167,23,Ettan
5678839,"Jönköpings Södra - Husqvarna, 0-0",2025-09-19 19:00:00+00:00,2025-09-19 17:00:00+00:00,Played,810,190620,4434167,23,Ettan
5678819,"Vasalund - Assyriska, 1-2",2025-09-14 16:00:00+00:00,2025-09-14 14:00:00+00:00,Played,810,190620,4434167,22,Ettan
5678821,"Eskilsminne - Norrby, 2-3",2025-09-14 16:00:00+00:00,2025-09-14 14:00:00+00:00,Played,810,190620,4434167,22,Ettan
5678825,"Lund - Jönköpings Södra, 1-2",2025-09-14 16:00:00+00:00,2025-09-14 14:00:00+00:00,Played,810,190620,4434167,22,Ettan
5678818,"Team Thoren - Enköping, 2-3",2025-09-14 13:00:00+00:00,2025-09-14 11:00:00+00:00,Played,810,190620,4434167,22,Ettan
5678824,"Ljungskile - Hässleholms IF, 3-0",2025-09-13 16:00:00+00:00,2025-09-13 14:00:00+00:00,Played,810,190620,4434167,22,Ettan
5678822,"Rosengård - Oskarshamns AIK, 0-1",2025-09-13 16:00:00+00:00,2025-09-13 14:00:00+00:00,Played,810,190620,4434167,22,Ettan
5678820,"Ariana - IFK Skövde, 2-1",2025-09-13 16:00:00+00:00,2025-09-13 14:00:00+00:00,Played,810,190620,4434167,22,Ettan
5678817,"United Nordic - Hammarby Talang, 1-1",2025-09-13 16:00:00+00:00,2025-09-13 14:00:00+00:00,Played,810,190620,4434167,22,Ettan
5678814,"Karlstad - Karlberg, 1-0",2025-09-13 16:00:00+00:00,2025-09-13 14:00:00+00:00,Played,810,190620,4434167,22,Ettan
5678812,"Eskilstuna - Gefle, 2-0",2025-09-13 16:00:00+00:00,2025-09-13 14:00:00+00:00,Played,810,190620,4434167,22,Ettan
5678827,"Torslanda - Olympic, 1-5",2025-09-13 14:30:00+00:00,2025-09-13 12:30:00+00:00,Played,810,190620,4434167,22,Ettan
5678815,"Haninge - Örebro Syrianska, 3-1",2025-09-13 13:00:00+00:00,2025-09-13 11:00:00+00:00,Played,810,190620,4434167,22,Ettan
5678823,"Husqvarna - Ängelholm, 0-1",2025-09-13 13:00:00+00:00,2025-09-13 11:00:00+00:00,Played,810,190620,4434167,22,Ettan
5678816,"Stocksund - Stockholm Inter, 0-2",2025-09-13 12:00:00+00:00,2025-09-13 10:00:00+00:00,Played,810,190620,4434167,22,Ettan
5678813,"Sollentuna - Arlanda, 2-0",2025-09-12 19:30:00+00:00,2025-09-12 17:30:00+00:00,Played,810,190620,4434167,22,Ettan
5678826,"Skövde AIK - Trollhättan, 1-2",2025-09-12 19:00:00+00:00,2025-09-12 17:00:00+00:00,Played,810,190620,4434167,22,Ettan
5678809,"Norrby - Ljungskile, 4-2",2025-09-08 19:00:00+00:00,2025-09-08 17:00:00+00:00,Played,810,190620,4434167,21,Ettan
5678805,"Olympic - Jönköpings Södra, 1-1",2025-09-07 16:00:00+00:00,2025-09-07 14:00:00+00:00,Played,810,190620,4434167,21,Ettan
5678804,"Ariana - Skövde AIK, 1-1",2025-09-07 16:00:00+00:00,2025-09-07 14:00:00+00:00,Played,810,190620,4434167,21,Ettan
5678796,"Assyriska - Karlstad, 2-0",2025-09-07 16:00:00+00:00,2025-09-07 14:00:00+00:00,Played,810,190620,4434167,21,Ettan
5678803,"Team Thoren - Vasalund, 0-5",2025-09-07 14:00:00+00:00,2025-09-07 12:00:00+00:00,Played,810,190620,4434167,21,Ettan
5678802,"Stockholm Inter - United Nordic, 1-2",2025-09-07 13:00:00+00:00,2025-09-07 11:00:00+00:00,Played,810,190620,4434167,21,Ettan
5678798,"Arlanda - Eskilstuna, 2-1",2025-09-06 16:00:00+00:00,2025-09-06 14:00:00+00:00,Played,810,190620,4434167,21,Ettan
5678800,"Karlberg - Stocksund, 3-2",2025-09-06 16:00:00+00:00,2025-09-06 14:00:00+00:00,Played,810,190620,4434167,21,Ettan
5678806,"Trollhättan - Eskilsminne, 1-2",2025-09-06 16:00:00+00:00,2025-09-06 14:00:00+00:00,Played,810,190620,4434167,21,Ettan
5678810,"Oskarshamns AIK - Husqvarna, 1-3",2025-09-06 16:00:00+00:00,2025-09-06 14:00:00+00:00,Played,810,190620,4434167,21,Ettan
5678799,"Gefle - Haninge, 2-0",2025-09-06 13:20:00+00:00,2025-09-06 11:20:00+00:00,Played,810,190620,4434167,21,Ettan
5678801,"Sollentuna - Örebro Syrianska, 3-1",2025-09-06 13:00:00+00:00,2025-09-06 11:00:00+00:00,Played,810,190620,4434167,21,Ettan
5678808,"IFK Skövde - Torslanda, 2-1",2025-09-06 13:00:00+00:00,2025-09-06 11:00:00+00:00,Played,810,190620,4434167,21,Ettan
5678811,"Ängelholm - Rosengård, 1-1",2025-09-06 13:00:00+00:00,2025-09-06 11:00:00+00:00,Played,810,190620,4434167,21,Ettan
5678797,"Enköping - Hammarby Talang, 2-2",2025-09-05 19:45:00+00:00,2025-09-05 17:45:00+00:00,Played,810,190620,4434167,21,Ettan
5678807,"Hässleholms IF - Lund, 1-0",2025-09-05 19:00:00+00:00,2025-09-05 17:00:00+00:00,Played,810,190620,4434167,21,Ettan
5678782,"Hammarby Talang - Assyriska, 4-0",2025-09-01 19:00:00+00:00,2025-09-01 17:00:00+00:00,Played,810,190620,4434167,20,Ettan
5678791,"Jönköpings Södra - IFK Skövde, 2-1",2025-09-01 19:00:00+00:00,2025-09-01 17:00:00+00:00,Played,810,190620,4434167,20,Ettan
5678780,"Eskilstuna - Karlstad, 4-3",2025-08-31 16:00:00+00:00,2025-08-31 14:00:00+00:00,Played,810,190620,4434167,20,Ettan
5678786,"Vasalund - Enköping, 2-0",2025-08-31 16:00:00+00:00,2025-08-31 14:00:00+00:00,Played,810,190620,4434167,20,Ettan
5678787,"Örebro Syrianska - United Nordic, 0-2",2025-08-31 16:00:00+00:00,2025-08-31 14:00:00+00:00,Played,810,190620,4434167,20,Ettan
5678789,"Trollhättan - Hässleholms IF, 0-4",2025-08-31 16:00:00+00:00,2025-08-31 14:00:00+00:00,Played,810,190620,4434167,20,Ettan
5678792,"Ljungskile - Olympic, 4-1",2025-08-31 16:00:00+00:00,2025-08-31 14:00:00+00:00,Played,810,190620,4434167,20,Ettan
5678783,"Stocksund - Team Thoren, 3-1",2025-08-31 15:00:00+00:00,2025-08-31 13:00:00+00:00,Played,810,190620,4434167,20,Ettan
5678794,"Skövde AIK - Oskarshamns AIK, 3-0",2025-08-30 16:00:00+00:00,2025-08-30 14:00:00+00:00,Played,810,190620,4434167,20,Ettan
5678793,"Lund - Norrby, 2-1",2025-08-30 16:00:00+00:00,2025-08-30 14:00:00+00:00,Played,810,190620,4434167,20,Ettan
5678790,"Husqvarna - Ariana, 0-0",2025-08-30 16:00:00+00:00,2025-08-30 14:00:00+00:00,Played,810,190620,4434167,20,Ettan
5678784,"Karlberg - Haninge, 3-1",2025-08-30 16:00:00+00:00,2025-08-30 14:00:00+00:00,Played,810,190620,4434167,20,Ettan
5678781,"Gefle - Sollentuna, 5-1",2025-08-30 16:00:00+00:00,2025-08-30 14:00:00+00:00,Played,810,190620,4434167,20,Ettan
5678785,"Stockholm Inter - Arlanda, 0-0",2025-08-30 13:00:00+00:00,2025-08-30 11:00:00+00:00,Played,810,190620,4434167,20,Ettan
5678788,"Eskilsminne - Rosengård, 1-0",2025-08-30 13:00:00+00:00,2025-08-30 11:00:00+00:00,Played,810,190620,4434167,20,Ettan
5678795,"Ängelholm - Torslanda, 3-0",2025-08-30 13:00:00+00:00,2025-08-30 11:00:00+00:00,Played,810,190620,4434167,20,Ettan
5678771,"Sollentuna - Eskilstuna, 4-3",2025-08-25 19:30:00+00:00,2025-08-25 17:30:00+00:00,Played,810,190620,4434167,19,Ettan
5678778,"Norrby - Jönköpings Södra, 2-1",2025-08-25 19:00:00+00:00,2025-08-25 17:00:00+00:00,Played,810,190620,4434167,19,Ettan
5678764,"Assyriska - Örebro Syrianska, 3-1",2025-08-24 17:00:00+00:00,2025-08-24 15:00:00+00:00,Played,810,190620,4434167,19,Ettan
5678768,"Karlstad - Vasalund, 2-3",2025-08-24 16:00:00+00:00,2025-08-24 14:00:00+00:00,Played,810,190620,4434167,19,Ettan
5678777,"Lund - Ljungskile, 1-3",2025-08-24 16:00:00+00:00,2025-08-24 14:00:00+00:00,Played,810,190620,4434167,19,Ettan
5678766,"Arlanda - Gefle, 2-0",2025-08-24 16:00:00+00:00,2025-08-24 14:00:00+00:00,Played,810,190620,4434167,19,Ettan
5678765,"Enköping - Karlberg, 4-2",2025-08-24 16:00:00+00:00,2025-08-24 14:00:00+00:00,Played,810,190620,4434167,19,Ettan
5678767,"Hammarby Talang - Team Thoren, 2-1",2025-08-24 15:00:00+00:00,2025-08-24 13:00:00+00:00,Played,810,190620,4434167,19,Ettan
5678769,"Haninge - Stockholm Inter, 0-1",2025-08-24 13:00:00+00:00,2025-08-24 11:00:00+00:00,Played,810,190620,4434167,19,Ettan
5678770,"United Nordic - Stocksund, 3-0",2025-08-23 16:00:00+00:00,2025-08-23 14:00:00+00:00,Played,810,190620,4434167,19,Ettan
5678772,"Ariana - Oskarshamns AIK, 1-0",2025-08-23 16:00:00+00:00,2025-08-23 14:00:00+00:00,Played,810,190620,4434167,19,Ettan
5678774,"Rosengård - Trollhättan, 1-3",2025-08-23 16:00:00+00:00,2025-08-23 14:00:00+00:00,Played,810,190620,4434167,19,Ettan
5678776,"IFK Skövde - Ängelholm, 1-1",2025-08-23 16:00:00+00:00,2025-08-23 14:00:00+00:00,Played,810,190620,4434167,19,Ettan
5678773,"Olympic - Husqvarna, 2-0",2025-08-23 13:00:00+00:00,2025-08-23 11:00:00+00:00,Played,810,190620,4434167,19,Ettan
5678775,"Hässleholms IF - Eskilsminne, 2-1",2025-08-23 13:00:00+00:00,2025-08-23 11:00:00+00:00,Played,810,190620,4434167,19,Ettan
5678779,"Torslanda - Skövde AIK, 1-1",2025-08-23 13:00:00+00:00,2025-08-23 11:00:00+00:00,Played,810,190620,4434167,19,Ettan
5678754,"Team Thoren - United Nordic, 0-2",2025-08-17 16:00:00+00:00,2025-08-17 14:00:00+00:00,Played,810,190620,4434167,18,Ettan
5678759,"Jönköpings Södra - Torslanda, 5-0",2025-08-17 16:00:00+00:00,2025-08-17 14:00:00+00:00,Played,810,190620,4434167,18,Ettan
5678760,"Ljungskile - Ariana, 3-1",2025-08-16 16:30:00+00:00,2025-08-16 14:30:00+00:00,Played,810,190620,4434167,18,Ettan
5678748,"Eskilstuna - Assyriska, 2-1",2025-08-16 16:00:00+00:00,2025-08-16 14:00:00+00:00,Played,810,190620,4434167,18,Ettan
5678757,"Rosengård - IFK Skövde, 3-2",2025-08-16 16:00:00+00:00,2025-08-16 14:00:00+00:00,Played,810,190620,4434167,18,Ettan
5678758,"Trollhättan - Husqvarna, 3-3",2025-08-16 16:00:00+00:00,2025-08-16 14:00:00+00:00,Played,810,190620,4434167,18,Ettan
5678750,"Gefle - Enköping, 5-1",2025-08-16 16:00:00+00:00,2025-08-16 14:00:00+00:00,Played,810,190620,4434167,18,Ettan
5678751,"Stocksund - Karlstad, 1-4",2025-08-16 16:00:00+00:00,2025-08-16 14:00:00+00:00,Played,810,190620,4434167,18,Ettan
5678761,"Oskarshamns AIK - Hässleholms IF, 1-4",2025-08-16 13:00:00+00:00,2025-08-16 11:00:00+00:00,Played,810,190620,4434167,18,Ettan
5678762,"Skövde AIK - Norrby, 2-4",2025-08-16 13:00:00+00:00,2025-08-16 11:00:00+00:00,Played,810,190620,4434167,18,Ettan
5678753,"Stockholm Inter - Karlberg, 3-1",2025-08-16 13:00:00+00:00,2025-08-16 11:00:00+00:00,Played,810,190620,4434167,18,Ettan
5678756,"Eskilsminne - Lund, 2-1",2025-08-16 13:00:00+00:00,2025-08-16 11:00:00+00:00,Played,810,190620,4434167,18,Ettan
5678755,"Örebro Syrianska - Hammarby Talang, 0-2",2025-08-16 13:00:00+00:00,2025-08-16 11:00:00+00:00,Played,810,190620,4434167,18,Ettan
5678749,"Arlanda - Haninge, 5-4",2025-08-15 19:30:00+00:00,2025-08-15 17:30:00+00:00,Played,810,190620,4434167,18,Ettan
5678752,"Sollentuna - Vasalund, 3-2",2025-08-15 19:00:00+00:00,2025-08-15 17:00:00+00:00,Played,810,190620,4434167,18,Ettan
5678763,"Ängelholm - Olympic, 0-3",2025-08-15 19:00:00+00:00,2025-08-15 17:00:00+00:00,Played,810,190620,4434167,18,Ettan
5678733,"Hammarby Talang - Stockholm Inter, 1-1",2025-08-11 19:00:00+00:00,2025-08-11 17:00:00+00:00,Played,810,190620,4434167,17,Ettan
5678741,"Olympic - Hässleholms IF, 2-1",2025-08-11 18:30:00+00:00,2025-08-11 16:30:00+00:00,Played,810,190620,4434167,17,Ettan
5678737,"United Nordic - Assyriska, 1-0",2025-08-10 18:00:00+00:00,2025-08-10 16:00:00+00:00,Played,810,190620,4434167,17,Ettan
5678746,"Norrby - Oskarshamns AIK, 3-0",2025-08-10 16:00:00+00:00,2025-08-10 14:00:00+00:00,Played,810,190620,4434167,17,Ettan
5678738,"Vasalund - Gefle, 4-1",2025-08-10 16:00:00+00:00,2025-08-10 14:00:00+00:00,Played,810,190620,4434167,17,Ettan
5678734,"Karlstad - Team Thoren, 1-0",2025-08-10 13:00:00+00:00,2025-08-10 11:00:00+00:00,Played,810,190620,4434167,17,Ettan
5678736,"Karlberg - Arlanda, 1-3",2025-08-09 16:00:00+00:00,2025-08-09 14:00:00+00:00,Played,810,190620,4434167,17,Ettan
5678740,"Ariana - Eskilsminne, 3-0",2025-08-09 16:00:00+00:00,2025-08-09 14:00:00+00:00,Played,810,190620,4434167,17,Ettan
5678744,"Jönköpings Södra - Ängelholm, 0-0",2025-08-09 16:00:00+00:00,2025-08-09 14:00:00+00:00,Played,810,190620,4434167,17,Ettan
5678745,"Lund - Trollhättan, 1-1",2025-08-09 16:00:00+00:00,2025-08-09 14:00:00+00:00,Played,810,190620,4434167,17,Ettan
5678742,"Husqvarna - Skövde AIK, 4-1",2025-08-09 13:00:00+00:00,2025-08-09 11:00:00+00:00,Played,810,190620,4434167,17,Ettan
5678747,"Torslanda - Rosengård, 1-1",2025-08-09 13:00:00+00:00,2025-08-09 11:00:00+00:00,Played,810,190620,4434167,17,Ettan
5678743,"IFK Skövde - Ljungskile, 0-4",2025-08-09 13:00:00+00:00,2025-08-09 11:00:00+00:00,Played,810,190620,4434167,17,Ettan
5678739,"Örebro Syrianska - Stocksund, 1-2",2025-08-09 13:00:00+00:00,2025-08-09 11:00:00+00:00,Played,810,190620,4434167,17,Ettan
5678735,"Haninge - Sollentuna, 3-3",2025-08-09 13:00:00+00:00,2025-08-09 11:00:00+00:00,Played,810,190620,4434167,17,Ettan
5678732,"Enköping - Eskilstuna, 2-3",2025-08-08 19:00:00+00:00,2025-08-08 17:00:00+00:00,Played,810,190620,4434167,17,Ettan
5678723,"Vasalund - Hammarby Talang, 1-1",2025-08-04 19:00:00+00:00,2025-08-04 17:00:00+00:00,Played,810,190620,4434167,16,Ettan
5678726,"Trollhättan - Ljungskile, 1-2",2025-08-04 19:00:00+00:00,2025-08-04 17:00:00+00:00,Played,810,190620,4434167,16,Ettan
5678727,"Hässleholms IF - Ariana, 2-1",2025-08-04 19:00:00+00:00,2025-08-04 17:00:00+00:00,Played,810,190620,4434167,16,Ettan
5678730,"Skövde AIK - IFK Skövde, 0-0",2025-08-04 19:00:00+00:00,2025-08-04 17:00:00+00:00,Played,810,190620,4434167,16,Ettan
5678716,"Assyriska - Team Thoren, 4-0",2025-08-03 15:00:00+00:00,2025-08-03 13:00:00+00:00,Played,810,190620,4434167,16,Ettan
5678719,"Stocksund - Arlanda, 2-1",2025-08-03 13:00:00+00:00,2025-08-03 11:00:00+00:00,Played,810,190620,4434167,16,Ettan
5678725,"Rosengård - Jönköpings Södra, 0-1",2025-08-02 16:00:00+00:00,2025-08-02 14:00:00+00:00,Played,810,190620,4434167,16,Ettan
5678731,"Ängelholm - Norrby, 0-4",2025-08-02 16:00:00+00:00,2025-08-02 14:00:00+00:00,Played,810,190620,4434167,16,Ettan
5678729,"Oskarshamns AIK - Torslanda, 0-1",2025-08-02 16:00:00+00:00,2025-08-02 14:00:00+00:00,Played,810,190620,4434167,16,Ettan
5678720,"United Nordic - Karlstad, 1-1",2025-08-02 16:00:00+00:00,2025-08-02 14:00:00+00:00,Played,810,190620,4434167,16,Ettan
5678718,"Gefle - Karlberg, 1-1",2025-08-02 16:00:00+00:00,2025-08-02 14:00:00+00:00,Played,810,190620,4434167,16,Ettan
5678717,"Eskilstuna - Haninge, 3-2",2025-08-02 16:00:00+00:00,2025-08-02 14:00:00+00:00,Played,810,190620,4434167,16,Ettan
5678728,"Lund - Husqvarna, 3-3",2025-08-02 13:10:00+00:00,2025-08-02 11:10:00+00:00,Played,810,190620,4434167,16,Ettan
5678721,"Sollentuna - Enköping, 0-0",2025-08-02 13:00:00+00:00,2025-08-02 11:00:00+00:00,Played,810,190620,4434167,16,Ettan
5678722,"Stockholm Inter - Örebro Syrianska, 3-1",2025-08-02 13:00:00+00:00,2025-08-02 11:00:00+00:00,Played,810,190620,4434167,16,Ettan
5678724,"Eskilsminne - Olympic, 2-0",2025-07-02 19:00:00+00:00,2025-07-02 17:00:00+00:00,Played,810,190620,4434167,16,Ettan
5678707,"Team Thoren - Stocksund, 2-1",2025-06-29 15:00:00+00:00,2025-06-29 13:00:00+00:00,Played,810,190620,4434167,15,Ettan
5678715,"Oskarshamns AIK - Eskilsminne, 0-0",2025-06-28 16:00:00+00:00,2025-06-28 14:00:00+00:00,Played,810,190620,4434167,15,Ettan
5678713,"Ljungskile - Ängelholm, 3-2",2025-06-28 16:00:00+00:00,2025-06-28 14:00:00+00:00,Played,810,190620,4434167,15,Ettan
5678712,"Jönköpings Södra - Trollhättan, 2-1",2025-06-28 16:00:00+00:00,2025-06-28 14:00:00+00:00,Played,810,190620,4434167,15,Ettan
5678709,"Olympic - Skövde AIK, 0-2",2025-06-28 16:00:00+00:00,2025-06-28 14:00:00+00:00,Played,810,190620,4434167,15,Ettan
5678704,"Karlstad - Gefle, 2-2",2025-06-28 16:00:00+00:00,2025-06-28 14:00:00+00:00,Played,810,190620,4434167,15,Ettan
5678702,"Arlanda - Stockholm Inter, 1-1",2025-06-28 16:00:00+00:00,2025-06-28 14:00:00+00:00,Played,810,190620,4434167,15,Ettan
5678705,"Haninge - Assyriska, 0-1",2025-06-28 13:00:00+00:00,2025-06-28 11:00:00+00:00,Played,810,190620,4434167,15,Ettan
5678711,"Hässleholms IF - IFK Skövde, 3-1",2025-06-28 13:00:00+00:00,2025-06-28 11:00:00+00:00,Played,810,190620,4434167,15,Ettan
5678700,"Eskilstuna - Örebro Syrianska, 1-1",2025-06-27 19:00:00+00:00,2025-06-27 17:00:00+00:00,Played,810,190620,4434167,15,Ettan
5678706,"Karlberg - Sollentuna, 1-2",2025-06-27 19:00:00+00:00,2025-06-27 17:00:00+00:00,Played,810,190620,4434167,15,Ettan
5678708,"Ariana - Rosengård, 1-2",2025-06-27 19:00:00+00:00,2025-06-27 17:00:00+00:00,Played,810,190620,4434167,15,Ettan
5678710,"Husqvarna - Lund, 2-1",2025-06-26 19:00:00+00:00,2025-06-26 17:00:00+00:00,Played,810,190620,4434167,15,Ettan
5678714,"Norrby - Torslanda, 4-2",2025-06-26 19:00:00+00:00,2025-06-26 17:00:00+00:00,Played,810,190620,4434167,15,Ettan
5678701,"Enköping - Vasalund, 1-4",2025-06-25 19:00:00+00:00,2025-06-25 17:00:00+00:00,Played,810,190620,4434167,15,Ettan
5678703,"Hammarby Talang - United Nordic, 2-0",2025-06-25 19:00:00+00:00,2025-06-25 17:00:00+00:00,Played,810,190620,4434167,15,Ettan
5678684,"Assyriska - Sollentuna, 0-0",2025-06-22 17:00:00+00:00,2025-06-22 15:00:00+00:00,Played,810,190620,4434167,14,Ettan
5678690,"Team Thoren - Haninge, 1-2",2025-06-22 16:00:00+00:00,2025-06-22 14:00:00+00:00,Played,810,190620,4434167,14,Ettan
5678691,"Örebro Syrianska - Gefle, 2-1",2025-06-22 16:00:00+00:00,2025-06-22 14:00:00+00:00,Played,810,190620,4434167,14,Ettan
5678694,"Trollhättan - Rosengård, 0-2",2025-06-22 16:00:00+00:00,2025-06-22 14:00:00+00:00,Played,810,190620,4434167,14,Ettan
5678696,"IFK Skövde - Oskarshamns AIK, 1-1",2025-06-22 16:00:00+00:00,2025-06-22 14:00:00+00:00,Played,810,190620,4434167,14,Ettan
5678686,"Karlstad - Eskilstuna, 1-2",2025-06-22 16:00:00+00:00,2025-06-22 14:00:00+00:00,Played,810,190620,4434167,14,Ettan
5678688,"United Nordic - Enköping, 3-2",2025-06-21 16:00:00+00:00,2025-06-21 14:00:00+00:00,Played,810,190620,4434167,14,Ettan
5678685,"Arlanda - Karlberg, 0-1",2025-06-19 19:30:00+00:00,2025-06-19 17:30:00+00:00,Played,810,190620,4434167,14,Ettan
5678693,"Eskilsminne - Hässleholms IF, 0-3",2025-06-19 19:00:00+00:00,2025-06-19 17:00:00+00:00,Played,810,190620,4434167,14,Ettan
5678699,"Ängelholm - Jönköpings Södra, 1-2",2025-06-19 19:00:00+00:00,2025-06-19 17:00:00+00:00,Played,810,190620,4434167,14,Ettan
5678697,"Lund - Skövde AIK, 3-0",2025-06-19 19:00:00+00:00,2025-06-19 17:00:00+00:00,Played,810,190620,4434167,14,Ettan
5678695,"Husqvarna - Norrby, 1-1",2025-06-19 19:00:00+00:00,2025-06-19 17:00:00+00:00,Played,810,190620,4434167,14,Ettan
5678692,"Olympic - Ariana, 1-1",2025-06-19 19:00:00+00:00,2025-06-19 17:00:00+00:00,Played,810,190620,4434167,14,Ettan
5678687,"Stocksund - Hammarby Talang, 2-0",2025-06-19 19:00:00+00:00,2025-06-19 17:00:00+00:00,Played,810,190620,4434167,14,Ettan
5678689,"Stockholm Inter - Vasalund, 0-0",2025-06-19 19:00:00+00:00,2025-06-19 17:00:00+00:00,Played,810,190620,4434167,14,Ettan
5678698,"Torslanda - Ljungskile, 1-1",2025-06-18 19:00:00+00:00,2025-06-18 17:00:00+00:00,Played,810,190620,4434167,14,Ettan
5678668,"Eskilstuna - Arlanda, 1-0",2025-06-15 16:00:00+00:00,2025-06-15 14:00:00+00:00,Played,810,190620,4434167,13,Ettan
5678673,"Karlberg - Stockholm Inter, 0-0",2025-06-15 16:00:00+00:00,2025-06-15 14:00:00+00:00,Played,810,190620,4434167,13,Ettan
5678676,"Ariana - Trollhättan, 3-3",2025-06-15 16:00:00+00:00,2025-06-15 14:00:00+00:00,Played,810,190620,4434167,13,Ettan
5678679,"IFK Skövde - Lund, 3-2",2025-06-15 16:00:00+00:00,2025-06-15 14:00:00+00:00,Played,810,190620,4434167,13,Ettan
5678669,"Enköping - Team Thoren, 2-0",2025-06-15 15:00:00+00:00,2025-06-15 13:00:00+00:00,Played,810,190620,4434167,13,Ettan
5678675,"Vasalund - Örebro Syrianska, 3-0",2025-06-15 15:00:00+00:00,2025-06-15 13:00:00+00:00,Played,810,190620,4434167,13,Ettan
5678677,"Rosengård - Ljungskile, 0-2",2025-06-14 16:00:00+00:00,2025-06-14 14:00:00+00:00,Played,810,190620,4434167,13,Ettan
5678683,"Ängelholm - Husqvarna, 6-1",2025-06-14 16:00:00+00:00,2025-06-14 14:00:00+00:00,Played,810,190620,4434167,13,Ettan
5678681,"Norrby - Eskilsminne, 1-1",2025-06-14 16:00:00+00:00,2025-06-14 14:00:00+00:00,Played,810,190620,4434167,13,Ettan
5678671,"Hammarby Talang - Karlstad, 3-1",2025-06-14 16:00:00+00:00,2025-06-14 14:00:00+00:00,Played,810,190620,4434167,13,Ettan
5678672,"Haninge - United Nordic, 2-2",2025-06-14 16:00:00+00:00,2025-06-14 14:00:00+00:00,Played,810,190620,4434167,13,Ettan
5678670,"Gefle - Assyriska, 1-1",2025-06-14 16:00:00+00:00,2025-06-14 14:00:00+00:00,Played,810,190620,4434167,13,Ettan
5678674,"Sollentuna - Stocksund, 3-2",2025-06-14 13:00:00+00:00,2025-06-14 11:00:00+00:00,Played,810,190620,4434167,13,Ettan
5678680,"Jönköpings Södra - Oskarshamns AIK, 1-0",2025-06-14 13:00:00+00:00,2025-06-14 11:00:00+00:00,Played,810,190620,4434167,13,Ettan
5678682,"Skövde AIK - Torslanda, 3-2",2025-06-14 13:00:00+00:00,2025-06-14 11:00:00+00:00,Played,810,190620,4434167,13,Ettan
5678678,"Hässleholms IF - Olympic, 1-1",2025-06-12 19:00:00+00:00,2025-06-12 17:00:00+00:00,Played,810,190620,4434167,13,Ettan
5678656,"United Nordic - Karlberg, 4-3",2025-06-09 19:30:00+00:00,2025-06-09 17:30:00+00:00,Played,810,190620,4434167,12,Ettan
5678662,"Ljungskile - Jönköpings Södra, 2-0",2025-06-08 16:00:00+00:00,2025-06-08 14:00:00+00:00,Played,810,190620,4434167,12,Ettan
5678664,"Norrby - Hässleholms IF, 1-2",2025-06-08 16:00:00+00:00,2025-06-08 14:00:00+00:00,Played,810,190620,4434167,12,Ettan
5678653,"Arlanda - Hammarby Talang, 1-0",2025-06-08 16:00:00+00:00,2025-06-08 14:00:00+00:00,Played,810,190620,4434167,12,Ettan
5678658,"Vasalund - Karlstad, 1-3",2025-06-08 16:00:00+00:00,2025-06-08 14:00:00+00:00,Played,810,190620,4434167,12,Ettan
5678654,"Haninge - Eskilstuna, 9-3",2025-06-08 16:00:00+00:00,2025-06-08 14:00:00+00:00,Played,810,190620,4434167,12,Ettan
5678657,"Team Thoren - Stockholm Inter, 1-3",2025-06-08 14:00:00+00:00,2025-06-08 12:00:00+00:00,Played,810,190620,4434167,12,Ettan
5678655,"Stocksund - Assyriska, 3-2",2025-06-08 13:00:00+00:00,2025-06-08 11:00:00+00:00,Played,810,190620,4434167,12,Ettan
5678665,"Oskarshamns AIK - Ariana, 1-3",2025-06-07 16:00:00+00:00,2025-06-07 14:00:00+00:00,Played,810,190620,4434167,12,Ettan
5678666,"Skövde AIK - Rosengård, 4-1",2025-06-07 16:00:00+00:00,2025-06-07 14:00:00+00:00,Played,810,190620,4434167,12,Ettan
5678652,"Enköping - Gefle, 2-0",2025-06-07 13:00:00+00:00,2025-06-07 11:00:00+00:00,Played,810,190620,4434167,12,Ettan
5678659,"Örebro Syrianska - Sollentuna, 2-3",2025-06-07 13:00:00+00:00,2025-06-07 11:00:00+00:00,Played,810,190620,4434167,12,Ettan
5678660,"Eskilsminne - Ängelholm, 1-6",2025-06-06 16:00:00+00:00,2025-06-06 14:00:00+00:00,Played,810,190620,4434167,12,Ettan
5678663,"Lund - Olympic, 2-1",2025-06-06 13:00:00+00:00,2025-06-06 11:00:00+00:00,Played,810,190620,4434167,12,Ettan
5678667,"Torslanda - Husqvarna, 3-1",2025-06-06 13:00:00+00:00,2025-06-06 11:00:00+00:00,Played,810,190620,4434167,12,Ettan
5678661,"Trollhättan - IFK Skövde, 4-0",2025-06-05 19:00:00+00:00,2025-06-05 17:00:00+00:00,Played,810,190620,4434167,12,Ettan
5678640,"Stocksund - United Nordic, 1-0",2025-06-04 19:00:00+00:00,2025-06-04 17:00:00+00:00,Played,810,190620,4434167,11,Ettan
5678639,"Karlstad - Örebro Syrianska, 0-0",2025-06-03 19:00:00+00:00,2025-06-03 17:00:00+00:00,Played,810,190620,4434167,11,Ettan
5678637,"Gefle - Arlanda, 1-1",2025-06-02 19:00:00+00:00,2025-06-02 17:00:00+00:00,Played,810,190620,4434167,11,Ettan
5678642,"Sollentuna - Haninge, 3-2",2025-06-02 19:00:00+00:00,2025-06-02 17:00:00+00:00,Played,810,190620,4434167,11,Ettan
5678643,"Stockholm Inter - Eskilstuna, 4-0",2025-06-02 19:00:00+00:00,2025-06-02 17:00:00+00:00,Played,810,190620,4434167,11,Ettan
5678636,"Assyriska - Enköping, 0-3",2025-06-01 17:00:00+00:00,2025-06-01 15:00:00+00:00,Played,810,190620,4434167,11,Ettan
5678638,"Hammarby Talang - Vasalund, 3-2",2025-06-01 16:00:00+00:00,2025-06-01 14:00:00+00:00,Played,810,190620,4434167,11,Ettan
5678644,"Ariana - Norrby, 0-2",2025-06-01 16:00:00+00:00,2025-06-01 14:00:00+00:00,Played,810,190620,4434167,11,Ettan
5678645,"Olympic - Ljungskile, 1-1",2025-06-01 16:00:00+00:00,2025-06-01 14:00:00+00:00,Played,810,190620,4434167,11,Ettan
5678646,"Eskilsminne - Trollhättan, 2-2",2025-06-01 16:00:00+00:00,2025-06-01 14:00:00+00:00,Played,810,190620,4434167,11,Ettan
5678649,"Hässleholms IF - Skövde AIK, 3-1",2025-06-01 16:00:00+00:00,2025-06-01 14:00:00+00:00,Played,810,190620,4434167,11,Ettan
5678641,"Karlberg - Team Thoren, 1-1",2025-06-01 14:00:00+00:00,2025-06-01 12:00:00+00:00,Played,810,190620,4434167,11,Ettan
5678650,"IFK Skövde - Jönköpings Södra, 0-3",2025-06-01 13:00:00+00:00,2025-06-01 11:00:00+00:00,Played,810,190620,4434167,11,Ettan
5678651,"Ängelholm - Lund, 1-2",2025-06-01 13:00:00+00:00,2025-06-01 11:00:00+00:00,Played,810,190620,4434167,11,Ettan
5678647,"Rosengård - Torslanda, 1-0",2025-06-01 13:00:00+00:00,2025-06-01 11:00:00+00:00,Played,810,190620,4434167,11,Ettan
5678648,"Husqvarna - Oskarshamns AIK, 0-2",2025-06-01 13:00:00+00:00,2025-06-01 11:00:00+00:00,Played,810,190620,4434167,11,Ettan
5678624,"Karlstad - Arlanda, 3-0",2025-05-29 16:00:00+00:00,2025-05-29 14:00:00+00:00,Played,810,190620,4434167,10,Ettan
5678625,"United Nordic - Örebro Syrianska, 3-1",2025-05-29 16:00:00+00:00,2025-05-29 14:00:00+00:00,Played,810,190620,4434167,10,Ettan
5678628,"Trollhättan - Olympic, 0-3",2025-05-29 16:00:00+00:00,2025-05-29 14:00:00+00:00,Played,810,190620,4434167,10,Ettan
5678632,"Norrby - Ängelholm, 2-0",2025-05-29 16:00:00+00:00,2025-05-29 14:00:00+00:00,Played,810,190620,4434167,10,Ettan
5678633,"Oskarshamns AIK - Rosengård, 0-2",2025-05-29 16:00:00+00:00,2025-05-29 14:00:00+00:00,Played,810,190620,4434167,10,Ettan
5678622,"Gefle - Stockholm Inter, 0-1",2025-05-29 16:00:00+00:00,2025-05-29 14:00:00+00:00,Played,810,190620,4434167,10,Ettan
5678620,"Eskilstuna - Karlberg, 0-2",2025-05-29 13:00:00+00:00,2025-05-29 11:00:00+00:00,Played,810,190620,4434167,10,Ettan
5678623,"Hammarby Talang - Haninge, 3-0",2025-05-29 13:00:00+00:00,2025-05-29 11:00:00+00:00,Played,810,190620,4434167,10,Ettan
5678626,"Team Thoren - Assyriska, 1-2",2025-05-29 13:00:00+00:00,2025-05-29 11:00:00+00:00,Played,810,190620,4434167,10,Ettan
5678635,"Torslanda - Ariana, 0-0",2025-05-29 13:00:00+00:00,2025-05-29 11:00:00+00:00,Played,810,190620,4434167,10,Ettan
5678630,"Ljungskile - IFK Skövde, 11-0",2025-05-28 19:00:00+00:00,2025-05-28 17:00:00+00:00,Played,810,190620,4434167,10,Ettan
5678634,"Skövde AIK - Husqvarna, 3-3",2025-05-28 19:00:00+00:00,2025-05-28 17:00:00+00:00,Played,810,190620,4434167,10,Ettan
5678631,"Lund - Eskilsminne, 2-2",2025-05-28 19:00:00+00:00,2025-05-28 17:00:00+00:00,Played,810,190620,4434167,10,Ettan
5678621,"Enköping - Stocksund, 5-1",2025-05-28 19:00:00+00:00,2025-05-28 17:00:00+00:00,Played,810,190620,4434167,10,Ettan
5678629,"Jönköpings Södra - Hässleholms IF, 2-1",2025-05-28 19:00:00+00:00,2025-05-28 17:00:00+00:00,Played,810,190620,4434167,10,Ettan
5678627,"Vasalund - Sollentuna, 4-1",2025-05-28 19:00:00+00:00,2025-05-28 17:00:00+00:00,Played,810,190620,4434167,10,Ettan
5678604,"Assyriska - United Nordic, 2-1",2025-05-25 17:00:00+00:00,2025-05-25 15:00:00+00:00,Played,810,190620,4434167,9,Ettan
5678611,"Örebro Syrianska - Team Thoren, 0-4",2025-05-25 16:00:00+00:00,2025-05-25 14:00:00+00:00,Played,810,190620,4434167,9,Ettan
5678612,"Ariana - Ljungskile, 3-2",2025-05-24 16:00:00+00:00,2025-05-24 14:00:00+00:00,Played,810,190620,4434167,9,Ettan
5678619,"Ängelholm - Skövde AIK, 1-2",2025-05-24 16:00:00+00:00,2025-05-24 14:00:00+00:00,Played,810,190620,4434167,9,Ettan
5678615,"Husqvarna - Jönköpings Södra, 0-1",2025-05-24 16:00:00+00:00,2025-05-24 14:00:00+00:00,Played,810,190620,4434167,9,Ettan
5678609,"Sollentuna - Karlstad, 0-3",2025-05-24 16:00:00+00:00,2025-05-24 14:00:00+00:00,Played,810,190620,4434167,9,Ettan
5678605,"Eskilstuna - Vasalund, 0-2",2025-05-24 16:00:00+00:00,2025-05-24 14:00:00+00:00,Played,810,190620,4434167,9,Ettan
5678607,"Haninge - Gefle, 1-1",2025-05-24 16:00:00+00:00,2025-05-24 14:00:00+00:00,Played,810,190620,4434167,9,Ettan
5678610,"Stockholm Inter - Enköping, 3-1",2025-05-24 13:00:00+00:00,2025-05-24 11:00:00+00:00,Played,810,190620,4434167,9,Ettan
5678613,"Olympic - Eskilsminne, 2-1",2025-05-24 13:00:00+00:00,2025-05-24 11:00:00+00:00,Played,810,190620,4434167,9,Ettan
5678616,"Hässleholms IF - Oskarshamns AIK, 1-1",2025-05-24 13:00:00+00:00,2025-05-24 11:00:00+00:00,Played,810,190620,4434167,9,Ettan
5678617,"IFK Skövde - Norrby, 1-0",2025-05-24 13:00:00+00:00,2025-05-24 11:00:00+00:00,Played,810,190620,4434167,9,Ettan
5678606,"Arlanda - Stocksund, 5-3",2025-05-23 19:30:00+00:00,2025-05-23 17:30:00+00:00,Played,810,190620,4434167,9,Ettan
5678608,"Karlberg - Hammarby Talang, 1-1",2025-05-23 19:00:00+00:00,2025-05-23 17:00:00+00:00,Played,810,190620,4434167,9,Ettan
5678614,"Rosengård - Lund, 0-1",2025-05-23 19:00:00+00:00,2025-05-23 17:00:00+00:00,Played,810,190620,4434167,9,Ettan
5678618,"Torslanda - Trollhättan, 4-1",2025-05-23 19:00:00+00:00,2025-05-23 17:00:00+00:00,Played,810,190620,4434167,9,Ettan
5678596,"Olympic - Ängelholm, 2-2",2025-05-19 18:30:00+00:00,2025-05-19 16:30:00+00:00,Played,810,190620,4434167,8,Ettan
5678603,"Oskarshamns AIK - Skövde AIK, 3-0",2025-05-18 16:00:00+00:00,2025-05-18 14:00:00+00:00,Played,810,190620,4434167,8,Ettan
5678588,"Assyriska - Eskilstuna, 2-1",2025-05-18 16:00:00+00:00,2025-05-18 14:00:00+00:00,Played,810,190620,4434167,8,Ettan
5678590,"Hammarby Talang - Örebro Syrianska, 3-1",2025-05-18 16:00:00+00:00,2025-05-18 14:00:00+00:00,Played,810,190620,4434167,8,Ettan
5678595,"Vasalund - Team Thoren, 6-0",2025-05-18 14:00:00+00:00,2025-05-18 12:00:00+00:00,Played,810,190620,4434167,8,Ettan
5678591,"Stocksund - Haninge, 3-2",2025-05-17 16:00:00+00:00,2025-05-17 14:00:00+00:00,Played,810,190620,4434167,8,Ettan
5678592,"Karlberg - Gefle, 0-1",2025-05-17 16:00:00+00:00,2025-05-17 14:00:00+00:00,Played,810,190620,4434167,8,Ettan
5678593,"United Nordic - Stockholm Inter, 3-0",2025-05-17 16:00:00+00:00,2025-05-17 14:00:00+00:00,Played,810,190620,4434167,8,Ettan
5678598,"Hässleholms IF - Torslanda, 2-0",2025-05-17 16:00:00+00:00,2025-05-17 14:00:00+00:00,Played,810,190620,4434167,8,Ettan
5678600,"Jönköpings Södra - Rosengård, 3-0",2025-05-17 16:00:00+00:00,2025-05-17 14:00:00+00:00,Played,810,190620,4434167,8,Ettan
5678601,"Ljungskile - Lund, 3-0",2025-05-17 16:00:00+00:00,2025-05-17 14:00:00+00:00,Played,810,190620,4434167,8,Ettan
5678589,"Enköping - Karlstad, 3-4",2025-05-17 13:00:00+00:00,2025-05-17 11:00:00+00:00,Played,810,190620,4434167,8,Ettan
5678597,"Eskilsminne - Ariana, 2-2",2025-05-17 13:00:00+00:00,2025-05-17 11:00:00+00:00,Played,810,190620,4434167,8,Ettan
5678594,"Arlanda - Sollentuna, 2-2",2025-05-16 19:30:00+00:00,2025-05-16 17:30:00+00:00,Played,810,190620,4434167,8,Ettan
5678599,"IFK Skövde - Husqvarna, 5-0",2025-05-16 19:00:00+00:00,2025-05-16 17:00:00+00:00,Played,810,190620,4434167,8,Ettan
5678602,"Norrby - Trollhättan, 1-1",2025-05-16 19:00:00+00:00,2025-05-16 17:00:00+00:00,Played,810,190620,4434167,8,Ettan
5678574,"Karlstad - Stocksund, 4-1",2025-05-11 16:00:00+00:00,2025-05-11 14:00:00+00:00,Played,810,190620,4434167,7,Ettan
5678577,"Team Thoren - Hammarby Talang, 0-1",2025-05-11 16:00:00+00:00,2025-05-11 14:00:00+00:00,Played,810,190620,4434167,7,Ettan
5678579,"Örebro Syrianska - Assyriska, 1-0",2025-05-11 16:00:00+00:00,2025-05-11 14:00:00+00:00,Played,810,190620,4434167,7,Ettan
5678580,"Rosengård - Norrby, 1-1",2025-05-11 16:00:00+00:00,2025-05-11 14:00:00+00:00,Played,810,190620,4434167,7,Ettan
5678581,"Trollhättan - Ängelholm, 0-0",2025-05-11 16:00:00+00:00,2025-05-11 14:00:00+00:00,Played,810,190620,4434167,7,Ettan
5678583,"Jönköpings Södra - Olympic, 1-0",2025-05-11 16:00:00+00:00,2025-05-11 14:00:00+00:00,Played,810,190620,4434167,7,Ettan
5678578,"Vasalund - United Nordic, 3-1",2025-05-10 17:30:00+00:00,2025-05-10 15:30:00+00:00,Played,810,190620,4434167,7,Ettan
5678584,"Ljungskile - Oskarshamns AIK, 1-3",2025-05-10 16:00:00+00:00,2025-05-10 14:00:00+00:00,Played,810,190620,4434167,7,Ettan
5678586,"Skövde AIK - Ariana, 2-2",2025-05-10 16:00:00+00:00,2025-05-10 14:00:00+00:00,Played,810,190620,4434167,7,Ettan
5678575,"Haninge - Karlberg, 0-2",2025-05-10 16:00:00+00:00,2025-05-10 14:00:00+00:00,Played,810,190620,4434167,7,Ettan
5678582,"Husqvarna - Eskilsminne, 0-2",2025-05-10 16:00:00+00:00,2025-05-10 14:00:00+00:00,Played,810,190620,4434167,7,Ettan
5678573,"Gefle - Eskilstuna, 2-2",2025-05-10 16:00:00+00:00,2025-05-10 14:00:00+00:00,Played,810,190620,4434167,7,Ettan
5678576,"Stockholm Inter - Sollentuna, 4-1",2025-05-10 13:00:00+00:00,2025-05-10 11:00:00+00:00,Played,810,190620,4434167,7,Ettan
5678587,"Torslanda - IFK Skövde, 0-0",2025-05-10 13:00:00+00:00,2025-05-10 11:00:00+00:00,Played,810,190620,4434167,7,Ettan
5678572,"Arlanda - Enköping, 2-1",2025-05-09 19:30:00+00:00,2025-05-09 17:30:00+00:00,Played,810,190620,4434167,7,Ettan
5678585,"Lund - Hässleholms IF, 1-0",2025-05-09 19:00:00+00:00,2025-05-09 17:00:00+00:00,Played,810,190620,4434167,7,Ettan
5678556,"Assyriska - Vasalund, 3-0",2025-05-05 19:00:00+00:00,2025-05-05 17:00:00+00:00,Played,810,190620,4434167,6,Ettan
5678565,"Olympic - Rosengård, 2-2",2025-05-05 19:00:00+00:00,2025-05-05 17:00:00+00:00,Played,810,190620,4434167,6,Ettan
5678563,"Örebro Syrianska - Stockholm Inter, 1-2",2025-05-04 16:00:00+00:00,2025-05-04 14:00:00+00:00,Played,810,190620,4434167,6,Ettan
5678568,"Hässleholms IF - Ljungskile, 1-4",2025-05-04 16:00:00+00:00,2025-05-04 14:00:00+00:00,Played,810,190620,4434167,6,Ettan
5678558,"Gefle - Stocksund, 1-2",2025-05-04 16:00:00+00:00,2025-05-04 14:00:00+00:00,Played,810,190620,4434167,6,Ettan
5678561,"Karlberg - Karlstad, 2-3",2025-05-04 16:00:00+00:00,2025-05-04 14:00:00+00:00,Played,810,190620,4434167,6,Ettan
5678562,"United Nordic - Team Thoren, 1-0",2025-05-04 14:00:00+00:00,2025-05-04 12:00:00+00:00,Played,810,190620,4434167,6,Ettan
5678557,"Eskilstuna - Sollentuna, 1-2",2025-05-03 16:00:00+00:00,2025-05-03 14:00:00+00:00,Played,810,190620,4434167,6,Ettan
5678560,"Haninge - Arlanda, 2-1",2025-05-03 16:00:00+00:00,2025-05-03 14:00:00+00:00,Played,810,190620,4434167,6,Ettan
5678567,"Trollhättan - Oskarshamns AIK, 3-3",2025-05-03 16:00:00+00:00,2025-05-03 14:00:00+00:00,Played,810,190620,4434167,6,Ettan
5678569,"Norrby - Lund, 2-2",2025-05-03 16:00:00+00:00,2025-05-03 14:00:00+00:00,Played,810,190620,4434167,6,Ettan
5678571,"Ängelholm - IFK Skövde, 4-3",2025-05-03 16:00:00+00:00,2025-05-03 14:00:00+00:00,Played,810,190620,4434167,6,Ettan
5678559,"Hammarby Talang - Enköping, 0-1",2025-05-03 13:00:00+00:00,2025-05-03 11:00:00+00:00,Played,810,190620,4434167,6,Ettan
5678564,"Ariana - Husqvarna, 3-1",2025-05-03 13:00:00+00:00,2025-05-03 11:00:00+00:00,Played,810,190620,4434167,6,Ettan
5678566,"Eskilsminne - Torslanda, 0-0",2025-05-03 13:00:00+00:00,2025-05-03 11:00:00+00:00,Played,810,190620,4434167,6,Ettan
5678570,"Skövde AIK - Jönköpings Södra, 1-0",2025-05-03 13:00:00+00:00,2025-05-03 11:00:00+00:00,Played,810,190620,4434167,6,Ettan
5678553,"Lund - Ariana, 0-0",2025-04-28 19:00:00+00:00,2025-04-28 17:00:00+00:00,Played,810,190620,4434167,5,Ettan
5678551,"Jönköpings Södra - Norrby, 1-0",2025-04-28 19:00:00+00:00,2025-04-28 17:00:00+00:00,Played,810,190620,4434167,5,Ettan
5678540,"Assyriska - Hammarby Talang, 1-3",2025-04-27 16:00:00+00:00,2025-04-27 14:00:00+00:00,Played,810,190620,4434167,5,Ettan
5678542,"Karlstad - United Nordic, 2-1",2025-04-27 16:00:00+00:00,2025-04-27 14:00:00+00:00,Played,810,190620,4434167,5,Ettan
5678547,"Vasalund - Arlanda, 0-0",2025-04-27 16:00:00+00:00,2025-04-27 14:00:00+00:00,Played,810,190620,4434167,5,Ettan
5678555,"Torslanda - Ängelholm, 2-4",2025-04-27 16:00:00+00:00,2025-04-27 14:00:00+00:00,Played,810,190620,4434167,5,Ettan
5678544,"Sollentuna - Gefle, 0-1",2025-04-26 16:00:00+00:00,2025-04-26 14:00:00+00:00,Played,810,190620,4434167,5,Ettan
5678546,"Team Thoren - Eskilstuna, 1-1",2025-04-26 16:00:00+00:00,2025-04-26 14:00:00+00:00,Played,810,190620,4434167,5,Ettan
5678549,"Husqvarna - Hässleholms IF, 2-2",2025-04-26 16:00:00+00:00,2025-04-26 14:00:00+00:00,Played,810,190620,4434167,5,Ettan
5678550,"IFK Skövde - Skövde AIK, 0-2",2025-04-26 16:00:00+00:00,2025-04-26 14:00:00+00:00,Played,810,190620,4434167,5,Ettan
5678554,"Oskarshamns AIK - Olympic, 0-0",2025-04-26 16:00:00+00:00,2025-04-26 14:00:00+00:00,Played,810,190620,4434167,5,Ettan
5678548,"Rosengård - Eskilsminne, 1-0",2025-04-26 13:00:00+00:00,2025-04-26 11:00:00+00:00,Played,810,190620,4434167,5,Ettan
5678552,"Ljungskile - Trollhättan, 2-0",2025-04-26 13:00:00+00:00,2025-04-26 11:00:00+00:00,Played,810,190620,4434167,5,Ettan
5678541,"Enköping - Örebro Syrianska, 1-3",2025-04-26 13:00:00+00:00,2025-04-26 11:00:00+00:00,Played,810,190620,4434167,5,Ettan
5678545,"Stockholm Inter - Haninge, 1-2",2025-04-26 13:00:00+00:00,2025-04-26 11:00:00+00:00,Played,810,190620,4434167,5,Ettan
5678543,"Stocksund - Karlberg, 0-2",2025-04-25 19:30:00+00:00,2025-04-25 17:30:00+00:00,Played,810,190620,4434167,5,Ettan
5678535,"Jönköpings Södra - Eskilsminne, 3-1",2025-04-21 16:00:00+00:00,2025-04-21 14:00:00+00:00,Played,810,190620,4434167,4,Ettan
5678530,"Sollentuna - Team Thoren, 1-3",2025-04-20 14:00:00+00:00,2025-04-20 12:00:00+00:00,Played,810,190620,4434167,4,Ettan
5678524,"Eskilstuna - United Nordic, 1-1",2025-04-19 16:00:00+00:00,2025-04-19 14:00:00+00:00,Played,810,190620,4434167,4,Ettan
5678525,"Arlanda - Assyriska, 0-0",2025-04-19 16:00:00+00:00,2025-04-19 14:00:00+00:00,Played,810,190620,4434167,4,Ettan
5678531,"Stockholm Inter - Hammarby Talang, 2-3",2025-04-19 13:00:00+00:00,2025-04-19 11:00:00+00:00,Played,810,190620,4434167,4,Ettan
5678533,"Hässleholms IF - Trollhättan, 0-2",2025-04-18 16:00:00+00:00,2025-04-18 14:00:00+00:00,Played,810,190620,4434167,4,Ettan
5678537,"Lund - Oskarshamns AIK, 3-0",2025-04-18 16:00:00+00:00,2025-04-18 14:00:00+00:00,Played,810,190620,4434167,4,Ettan
5678534,"IFK Skövde - Rosengård, 1-2",2025-04-18 16:00:00+00:00,2025-04-18 14:00:00+00:00,Played,810,190620,4434167,4,Ettan
5678527,"Haninge - Karlstad, 2-1",2025-04-18 16:00:00+00:00,2025-04-18 14:00:00+00:00,Played,810,190620,4434167,4,Ettan
5678526,"Gefle - Vasalund, 1-2",2025-04-18 16:00:00+00:00,2025-04-18 14:00:00+00:00,Played,810,190620,4434167,4,Ettan
5678528,"Stocksund - Örebro Syrianska, 1-2",2025-04-18 13:00:00+00:00,2025-04-18 11:00:00+00:00,Played,810,190620,4434167,4,Ettan
5678529,"Karlberg - Enköping, 1-1",2025-04-18 13:00:00+00:00,2025-04-18 11:00:00+00:00,Played,810,190620,4434167,4,Ettan
5678532,"Olympic - Torslanda, 0-6",2025-04-18 13:00:00+00:00,2025-04-18 11:00:00+00:00,Played,810,190620,4434167,4,Ettan
5678536,"Ljungskile - Husqvarna, 3-1",2025-04-18 13:00:00+00:00,2025-04-18 11:00:00+00:00,Played,810,190620,4434167,4,Ettan
5678539,"Ängelholm - Ariana, 2-1",2025-04-18 13:00:00+00:00,2025-04-18 11:00:00+00:00,Played,810,190620,4434167,4,Ettan
5678538,"Norrby - Skövde AIK, 2-2",2025-04-17 19:00:00+00:00,2025-04-17 17:00:00+00:00,Played,810,190620,4434167,4,Ettan
5678521,"Oskarshamns AIK - Norrby, 0-1",2025-04-13 16:00:00+00:00,2025-04-13 14:00:00+00:00,Played,810,190620,4434167,3,Ettan
5678514,"Vasalund - Stocksund, 3-1",2025-04-13 16:00:00+00:00,2025-04-13 14:00:00+00:00,Played,810,190620,4434167,3,Ettan
5678513,"Team Thoren - Arlanda, 1-2",2025-04-13 16:00:00+00:00,2025-04-13 14:00:00+00:00,Played,810,190620,4434167,3,Ettan
5678511,"Karlstad - Stockholm Inter, 0-1",2025-04-13 16:00:00+00:00,2025-04-13 14:00:00+00:00,Played,810,190620,4434167,3,Ettan
5678508,"Assyriska - Karlberg, 1-2",2025-04-13 16:00:00+00:00,2025-04-13 14:00:00+00:00,Played,810,190620,4434167,3,Ettan
5678523,"Torslanda - Jönköpings Södra, 2-0",2025-04-13 13:00:00+00:00,2025-04-13 11:00:00+00:00,Played,810,190620,4434167,3,Ettan
5678512,"United Nordic - Gefle, 3-0",2025-04-12 16:00:00+00:00,2025-04-12 14:00:00+00:00,Played,810,190620,4434167,3,Ettan
5678517,"Eskilsminne - IFK Skövde, 1-1",2025-04-12 16:00:00+00:00,2025-04-12 14:00:00+00:00,Played,810,190620,4434167,3,Ettan
5678519,"Trollhättan - Lund, 1-5",2025-04-12 16:00:00+00:00,2025-04-12 14:00:00+00:00,Played,810,190620,4434167,3,Ettan
5678520,"Husqvarna - Olympic, 2-3",2025-04-12 16:00:00+00:00,2025-04-12 14:00:00+00:00,Played,810,190620,4434167,3,Ettan
5678509,"Enköping - Sollentuna, 2-1",2025-04-12 13:00:00+00:00,2025-04-12 11:00:00+00:00,Played,810,190620,4434167,3,Ettan
5678515,"Örebro Syrianska - Haninge, 1-3",2025-04-12 13:00:00+00:00,2025-04-12 11:00:00+00:00,Played,810,190620,4434167,3,Ettan
5678518,"Rosengård - Ängelholm, 1-1",2025-04-12 13:00:00+00:00,2025-04-12 11:00:00+00:00,Played,810,190620,4434167,3,Ettan
5678522,"Skövde AIK - Ljungskile, 1-4",2025-04-12 13:00:00+00:00,2025-04-12 11:00:00+00:00,Played,810,190620,4434167,3,Ettan
5678516,"Ariana - Hässleholms IF, 3-0",2025-04-11 19:00:00+00:00,2025-04-11 17:00:00+00:00,Played,810,190620,4434167,3,Ettan
5678510,"Hammarby Talang - Eskilstuna, 1-1",2025-04-11 19:00:00+00:00,2025-04-11 17:00:00+00:00,Played,810,190620,4434167,3,Ettan
5678505,"Lund - Torslanda, 1-0",2025-04-06 16:00:00+00:00,2025-04-06 14:00:00+00:00,Played,810,190620,4434167,2,Ettan
5678494,"Gefle - Team Thoren, 1-0",2025-04-05 18:00:00+00:00,2025-04-05 16:00:00+00:00,Played,810,190620,4434167,2,Ettan
5678493,"Arlanda - United Nordic, 1-2",2025-04-05 16:00:00+00:00,2025-04-05 14:00:00+00:00,Played,810,190620,4434167,2,Ettan
5678495,"Karlstad - Assyriska, 1-1",2025-04-05 16:00:00+00:00,2025-04-05 14:00:00+00:00,Played,810,190620,4434167,2,Ettan
5678496,"Haninge - Vasalund, 5-1",2025-04-05 16:00:00+00:00,2025-04-05 14:00:00+00:00,Played,810,190620,4434167,2,Ettan
5678501,"Olympic - IFK Skövde, 2-1",2025-04-05 16:00:00+00:00,2025-04-05 14:00:00+00:00,Played,810,190620,4434167,2,Ettan
5678502,"Husqvarna - Trollhättan, 3-0",2025-04-05 16:00:00+00:00,2025-04-05 14:00:00+00:00,Played,810,190620,4434167,2,Ettan
5678506,"Oskarshamns AIK - Ängelholm, 0-0",2025-04-05 16:00:00+00:00,2025-04-05 14:00:00+00:00,Played,810,190620,4434167,2,Ettan
5678507,"Skövde AIK - Eskilsminne, 1-1",2025-04-05 16:00:00+00:00,2025-04-05 14:00:00+00:00,Played,810,190620,4434167,2,Ettan
5678500,"Ariana - Jönköpings Södra, 0-0",2025-04-05 13:30:00+00:00,2025-04-05 11:30:00+00:00,Played,810,190620,4434167,2,Ettan
5678497,"Karlberg - Örebro Syrianska, 4-1",2025-04-05 13:00:00+00:00,2025-04-05 11:00:00+00:00,Played,810,190620,4434167,2,Ettan
5678504,"Ljungskile - Norrby, 0-2",2025-04-05 13:00:00+00:00,2025-04-05 11:00:00+00:00,Played,810,190620,4434167,2,Ettan
5678499,"Stockholm Inter - Stocksund, 5-0",2025-04-05 13:00:00+00:00,2025-04-05 11:00:00+00:00,Played,810,190620,4434167,2,Ettan
5678492,"Eskilstuna - Enköping, 2-1",2025-04-04 19:00:00+00:00,2025-04-04 17:00:00+00:00,Played,810,190620,4434167,2,Ettan
5678498,"Sollentuna - Hammarby Talang, 2-3",2025-04-04 19:00:00+00:00,2025-04-04 17:00:00+00:00,Played,810,190620,4434167,2,Ettan
5678503,"Hässleholms IF - Rosengård, 0-1",2025-04-04 19:00:00+00:00,2025-04-04 17:00:00+00:00,Played,810,190620,4434167,2,Ettan
5678476,"Assyriska - Stockholm Inter, 1-1",2025-03-30 16:00:00+00:00,2025-03-30 14:00:00+00:00,Played,810,190620,4434167,1,Ettan
5678482,"Vasalund - Karlberg, 2-0",2025-03-30 16:00:00+00:00,2025-03-30 14:00:00+00:00,Played,810,190620,4434167,1,Ettan
5678488,"Jönköpings Södra - Lund, 2-0",2025-03-30 16:00:00+00:00,2025-03-30 14:00:00+00:00,Played,810,190620,4434167,1,Ettan
5678481,"Team Thoren - Karlstad, 1-4",2025-03-30 13:00:00+00:00,2025-03-30 11:00:00+00:00,Played,810,190620,4434167,1,Ettan
5678489,"Norrby - Olympic, 4-0",2025-03-29 16:00:00+00:00,2025-03-29 15:00:00+00:00,Played,810,190620,4434167,1,Ettan
5678490,"Torslanda - Oskarshamns AIK, 3-0",2025-03-29 16:00:00+00:00,2025-03-29 15:00:00+00:00,Played,810,190620,4434167,1,Ettan
5678480,"United Nordic - Sollentuna, 2-0",2025-03-29 16:00:00+00:00,2025-03-29 15:00:00+00:00,Played,810,190620,4434167,1,Ettan
5678487,"IFK Skövde - Ariana, 0-1",2025-03-29 16:00:00+00:00,2025-03-29 15:00:00+00:00,Played,810,190620,4434167,1,Ettan
5678478,"Hammarby Talang - Gefle, 2-0",2025-03-29 16:00:00+00:00,2025-03-29 15:00:00+00:00,Played,810,190620,4434167,1,Ettan
5678479,"Stocksund - Eskilstuna, 1-2",2025-03-29 13:00:00+00:00,2025-03-29 12:00:00+00:00,Played,810,190620,4434167,1,Ettan
5678483,"Örebro Syrianska - Arlanda, 1-0",2025-03-29 13:00:00+00:00,2025-03-29 12:00:00+00:00,Played,810,190620,4434167,1,Ettan
5678484,"Eskilsminne - Ljungskile, 0-3",2025-03-29 13:00:00+00:00,2025-03-29 12:00:00+00:00,Played,810,190620,4434167,1,Ettan
5678485,"Rosengård - Husqvarna, 2-1",2025-03-29 13:00:00+00:00,2025-03-29 12:00:00+00:00,Played,810,190620,4434167,1,Ettan
5678491,"Ängelholm - Hässleholms IF, 0-1",2025-03-29 13:00:00+00:00,2025-03-29 12:00:00+00:00,Played,810,190620,4434167,1,Ettan
5678477,"Enköping - Haninge, 0-0",2025-03-28 19:00:00+00:00,2025-03-28 18:00:00+00:00,Played,810,190620,4434167,1,Ettan
5678486,"Trollhättan - Skövde AIK, 6-1",2025-03-28 19:00:00+00:00,2025-03-28 18:00:00+00:00,Played,810,190620,4434167,1,Ettan
