id,matchId,matchPeriod,minute,second,matchTimestamp,videoTimestamp,relatedEventId,shot,groundDuel,aerialDuel,infraction,carry,type.primary,type.secondary,location.x,location.y,team.id,team.name,team.formation,opponentTeam.id,opponentTeam.name,opponentTeam.formation,player.id,player.name,player.position,pass.accurate,pass.angle,pass.height,pass.length,pass.recipient.id,pass.recipient.name,pass.recipient.position,pass.endLocation.x,pass.endLocation.y,possession.id,possession.duration,possession.types,possession.eventsNumber,possession.eventIndex,possession.startLocation.x,possession.startLocation.y,possession.endLocation.x,possession.endLocation.y,possession.team.id,possession.team.name,possession.team.formation,possession.attack.withShot,possession.attack.withShotOnGoal,possession.attack.withGoal,possession.attack.flank,possession.attack.xg,pass,aerialDuel.opponent.id,aerialDuel.opponent.name,aerialDuel.opponent.position,aerialDuel.opponent.height,aerialDuel.firstTouch,aerialDuel.height,aerialDuel.relatedDuelId,infraction.yellowCard,infraction.redCard,infraction.type,infraction.opponent.id,infraction.opponent.name,infraction.opponent.position,carry.progression,carry.endLocation.x,carry.endLocation.y,possession.attack,groundDuel.opponent.id,groundDuel.opponent.name,groundDuel.opponent.position,groundDuel.duelType,groundDuel.keptPossession,groundDuel.progressedWithBall,groundDuel.stoppedProgress,groundDuel.recoveredPossession,groundDuel.takeOn,groundDuel.side,groundDuel.relatedDuelId,possession,shot.bodyPart,shot.isGoal,shot.onTarget,shot.goalZone,shot.xg,shot.postShotXg,shot.goalkeeperActionId,shot.goalkeeper,shot.goalkeeper.id,shot.goalkeeper.name,location,infraction.opponent,start_x,start_y,end_x,end_y,side,event_time_seconds,tag_shot_assist,tag_assist,tag_loss,delivery_zone,possession_shot,possession_goal,possession_shot_count,possession_goal_count,possession_header_shot_count,possession_header_goal_count,possession_xg,first_shot_xg,first_shooter_name,first_shooter_id
3183070683,5819327,1H,1,14,00:01:14.721,75.721121,3183070684.0,,,,,,corner,[],100.0,100.0,6849,Jönköpings Södra,4-2-3-1,6925,Laholms FK,4-4-2,51830,D. Kozica,AMF,True,-107.0,high,31.0,812471.0,A. Eriksson,RB,91.0,56.0,3183070683.0,10.244265,"['corner', 'set_piece_attack', 'attack']",8.0,0.0,100.0,100.0,62.0,81.0,6849.0,Jönköpings Södra,4-2-3-1,False,False,False,right,0.0,,,,,,,,,,,,,,,,,,,,,,,,,,,,,,,,,,,,,,,,,,,100.0,100.0,91.0,56.0,right,74,False,False,False,penalty_spot_zone,False,False,0,0,0,0,0.0,0.0,,
3183071359,5819327,2H,47,42,00:47:42.758,2964.75827,3183071363.0,,,,,,corner,['shot_assist'],100.0,0.0,6849,Jönköpings Södra,4-2-3-1,6925,Laholms FK,4-4-2,51830,D. Kozica,AMF,True,99.0,high,33.0,812471.0,A. Eriksson,RB,95.0,48.0,3183071359.0,0.853382,"['corner', 'set_piece_attack', 'attack']",4.0,0.0,100.0,0.0,93.0,47.0,6849.0,Jönköpings Södra,4-2-3-1,True,False,False,left,0.1498,,,,,,,,,,,,,,,,,,,,,,,,,,,,,,,,,,,,,,,,,,,100.0,0.0,95.0,48.0,left,2862,True,False,False,six_yard_central,True,False,1,0,1,0,0.1498,0.1498,A. Eriksson,812471.0
3183071395,5819327,2H,49,41,00:49:41.647,3083.647793,3183071398.0,,,,,,corner,['shot_assist'],100.0,0.0,6849,Jönköpings Södra,4-2-3-1,6925,Laholms FK,4-4-2,51830,D. Kozica,AMF,True,104.0,high,37.0,674204.0,F. Benatallah,LAMF,91.0,52.0,3183071395.0,0.855972,"['corner', 'set_piece_attack', 'attack']",2.0,0.0,100.0,0.0,91.0,52.0,6849.0,Jönköpings Södra,4-2-3-1,True,False,False,left,0.1063,,,,,,,,,,,,,,,,,,,,,,,,,,,,,,,,,,,,,,,,,,,100.0,0.0,91.0,52.0,left,2981,True,False,False,penalty_spot_zone,True,False,1,0,1,0,0.1063,0.1063,F. Benatallah,674204.0
3181122491,5819314,1H,10,18,00:10:18.504,619.504885,3181122498.0,,,,,,corner,['shot_assist'],100.0,0.0,6849,Jönköpings Södra,4-2-3-1,7014,Olympic,4-3-3,51830,D. Kozica,AMF,True,100.0,high,46.0,51679.0,J. Drott,LDMF,92.0,66.0,3181122491.0,2.2786315,"['corner', 'set_piece_attack', 'attack']",4.0,0.0,100.0,0.0,93.0,59.0,6849.0,Jönköpings Södra,4-2-3-1,True,False,False,center,0.0364,,,,,,,,,,,,,,,,,,,,,,,,,,,,,,,,,,,,,,,,,,,100.0,0.0,92.0,66.0,left,618,True,False,False,back_post,True,False,1,0,1,0,0.0365,0.0365,J. Drott,51679.0
3181123081,5819314,2H,47,28,00:47:28.642,3035.642623,3181123083.0,,,,,,corner,[],100.0,100.0,6849,Jönköpings Södra,4-2-3-1,7014,Olympic,4-3-3,51830,D. Kozica,AMF,True,-114.0,high,66.0,1060409.0,L. Lyck,CF,74.0,12.0,3181123081.0,7.567037,"['corner', 'set_piece_attack', 'attack']",2.0,0.0,100.0,100.0,89.0,36.0,6849.0,Jönköpings Södra,4-2-3-1,False,False,False,left,0.0,,,,,,,,,,,,,,,,,,,,,,,,,,,,,,,,,,,,,,,,,,,100.0,100.0,74.0,12.0,right,2848,False,False,False,edge_recycle_zone,False,False,0,0,0,0,0.0,0.0,,
3181123341,5819314,2H,64,30,01:04:30.836,4057.836532,3181123384.0,,,,,,corner,['loss'],100.0,0.0,6849,Jönköpings Södra,4-2-3-1,7014,Olympic,4-3-3,51830,D. Kozica,AMF,False,108.0,high,40.0,338960.0,M. Moro,RCMF3,89.0,56.0,3181123341.0,16.9313465,"['corner', 'set_piece_attack', 'attack']",8.0,0.0,100.0,0.0,75.0,80.0,6849.0,Jönköpings Södra,4-2-3-1,False,False,False,center,0.0,,,,,,,,,,,,,,,,,,,,,,,,,,,,,,,,,,,,,,,,,,,100.0,0.0,89.0,56.0,left,3870,False,False,True,penalty_spot_zone,False,False,0,0,0,0,0.0,0.0,,
3181123649,5819314,2H,86,56,01:26:56.187,5403.187019,3181123740.0,,,,,,corner,['loss'],100.0,100.0,6849,Jönköpings Södra,4-2-3-1,7014,Olympic,4-3-3,51830,D. Kozica,AMF,False,-107.0,high,21.0,818635.0,A. Robert,RWF,94.0,71.0,3181123649.0,1.443163,"['corner', 'set_piece_attack']",1.0,0.0,100.0,100.0,94.0,71.0,6849.0,Jönköpings Södra,4-2-3-1,,,,,,,,,,,,,,,,,,,,,,,,,,,,,,,,,,,,,,,,,,,,,,,,100.0,100.0,94.0,71.0,right,5216,False,False,True,back_post,False,False,0,0,0,0,0.0,0.0,,
3097199137,5819279,1H,7,46,00:07:46.378,467.378936,3097198952.0,,,,,,corner,[],100.0,100.0,6849,Jönköpings Södra,4-2-3-1,71745,Ariana,4-2-3-1,51830,D. Kozica,LDMF,False,-96.0,high,30.0,286082.0,A. Reinholdsson,CF,97.0,56.0,3097199137.0,5.224048,"['corner', 'set_piece_attack', 'attack']",6.0,0.0,100.0,100.0,92.0,100.0,6849.0,Jönköpings Södra,4-2-3-1,False,False,False,center,0.0,,,,,,,,,,,,,,,,,,,,,,,,,,,,,,,,,,,,,,,,,,,100.0,100.0,97.0,56.0,right,466,False,False,False,six_yard_central,False,False,0,0,0,0,0.0,0.0,,
3097199335,5819279,1H,27,35,00:27:35.804,1656.804472,3097199200.0,,,,,,corner,[],100.0,0.0,6849,Jönköpings Södra,4-2-3-1,71745,Ariana,4-2-3-1,51830,D. Kozica,LDMF,False,95.0,high,35.0,739360.0,A. Bjurnemark,LCB,97.0,51.0,3097199335.0,0.927096,"['corner', 'set_piece_attack']",1.0,0.0,100.0,0.0,97.0,51.0,6849.0,Jönköpings Södra,4-2-3-1,,,,,,,,,,,,,,,,,,,,,,,,,,,,,,,,,,,,,,,,,,,,,,,,100.0,0.0,97.0,51.0,left,1655,False,False,False,six_yard_central,False,False,0,0,0,0,0.0,0.0,,
3097199527,5819279,1H,42,9,00:42:09.900,2530.900747,3097199528.0,,,,,,corner,['shot_assist'],100.0,100.0,6849,Jönköpings Södra,4-2-3-1,71745,Ariana,4-2-3-1,51830,D. Kozica,LDMF,True,-122.0,low,30.0,789558.0,J. Shamoun,RAMF,85.0,62.0,3097199527.0,1.023939,"['corner', 'set_piece_attack', 'attack']",2.0,0.0,100.0,100.0,85.0,62.0,6849.0,Jönköpings Södra,4-2-3-1,True,False,False,right,0.0147,,,,,,,,,,,,,,,,,,,,,,,,,,,,,,,,,,,,,,,,,,,100.0,100.0,85.0,62.0,right,2529,True,False,False,penalty_spot_zone,True,False,1,0,0,0,0.0147,0.0147,J. Shamoun,789558.0
3097199697,5819279,2H,47,7,00:47:07.136,3163.136156,3097200948.0,,,,,,corner,['shot_assist'],100.0,0.0,6849,Jönköpings Södra,4-1-4-1,71745,Ariana,4-2-3-1,51830,D. Kozica,LCMF,True,99.0,high,32.0,0.0,,,95.0,46.0,3097199697.0,3.0611545,"['corner', 'set_piece_attack', 'attack']",4.0,0.0,100.0,0.0,88.0,62.0,6849.0,Jönköpings Södra,4-1-4-1,True,False,False,left,0.0905,,,,,,,,,,,,,,,,,,,,,,,,,,,,,,,,,,,,,,,,,,,100.0,0.0,95.0,46.0,left,2827,True,False,False,six_yard_central,True,False,1,0,0,0,0.0905,0.0905,L. Lyck,1060409.0
3097199714,5819279,2H,49,19,00:49:19.239,3295.239395,3097199715.0,,,,,,corner,['shot_assist'],100.0,100.0,6849,Jönköpings Södra,4-1-4-1,71745,Ariana,4-2-3-1,51830,D. Kozica,LCMF,True,-95.0,high,32.0,652914.0,C. Farnerud,DMF,97.0,53.0,3097199714.0,3.358186,"['corner', 'set_piece_attack', 'attack']",4.0,0.0,100.0,100.0,82.0,70.0,6849.0,Jönköpings Södra,4-1-4-1,True,False,False,right,0.0067,,,,,,,,,,,,,,,,,,,,,,,,,,,,,,,,,,,,,,,,,,,100.0,100.0,97.0,53.0,right,2959,True,False,False,six_yard_central,True,False,1,0,0,0,0.0067,0.0067,J. Shamoun,789558.0
3097199787,5819279,2H,56,5,00:56:05.954,3701.954498,3097199790.0,,,,,,corner,[],100.0,0.0,6849,Jönköpings Södra,4-1-4-1,71745,Ariana,4-2-3-1,51830,D. Kozica,LCMF,True,98.0,high,29.0,692804.0,O. Almström,LB,96.0,42.0,3097199787.0,0.678342,"['corner', 'set_piece_attack', 'attack']",2.0,0.0,100.0,0.0,96.0,42.0,6849.0,Jönköpings Södra,4-1-4-1,False,False,False,left,0.0,,,,,,,,,,,,,,,,,,,,,,,,,,,,,,,,,,,,,,,,,,,100.0,0.0,96.0,42.0,left,3365,False,False,False,six_yard_central,False,False,0,0,0,0,0.0,0.0,,
3097200052,5819279,2H,64,51,01:04:51.208,4227.208023,3097200056.0,,,,,,corner,['shot_assist'],100.0,100.0,6849,Jönköpings Södra,4-1-4-1,71745,Ariana,4-2-3-1,51830,D. Kozica,LCMF,True,-100.0,high,35.0,613701.0,H. Lyck,RCB,94.0,49.0,3097200052.0,1.2859415,"['corner', 'set_piece_attack', 'attack']",4.0,0.0,100.0,100.0,93.0,45.0,6849.0,Jönköpings Södra,4-1-4-1,True,False,False,right,0.1099,,,,,,,,,,,,,,,,,,,,,,,,,,,,,,,,,,,,,,,,,,,100.0,100.0,94.0,49.0,right,3891,True,False,False,six_yard_central,True,False,2,0,2,0,0.3748,0.1099,H. Lyck,613701.0
3097200086,5819279,2H,66,27,01:06:27.136,4323.136999,3097200091.0,,,,,,corner,[],100.0,0.0,6849,Jönköpings Södra,4-1-4-1,71745,Ariana,4-2-3-1,51830,D. Kozica,LCMF,True,103.0,high,41.0,613701.0,H. Lyck,RCB,91.0,59.0,3097200086.0,1.466921,"['corner', 'set_piece_attack', 'attack']",1.0,0.0,100.0,0.0,91.0,59.0,6849.0,Jönköpings Södra,4-1-4-1,False,False,False,left,0.0,,,,,,,,,,,,,,,,,,,,,,,,,,,,,,,,,,,,,,,,,,,100.0,0.0,91.0,59.0,left,3987,False,False,False,penalty_spot_zone,False,False,0,0,0,0,0.0,0.0,,
3097200358,5819279,2H,87,7,01:27:07.923,5563.923982,3097200138.0,,,,,,corner,[],100.0,0.0,6849,Jönköpings Södra,4-1-4-1,71745,Ariana,4-2-3-1,51830,D. Kozica,LCMF,False,95.0,high,32.0,517790.0,P. Mårtensson,GK,97.0,47.0,3097200358.0,2.463658,"['corner', 'set_piece_attack']",3.0,0.0,100.0,0.0,97.0,50.0,6849.0,Jönköpings Södra,4-1-4-1,,,,,,,,,,,,,,,,,,,,,,,,,,,,,,,,,,,,,,,,,,,,,,,,100.0,0.0,97.0,47.0,left,5227,False,False,False,six_yard_central,False,False,0,0,0,0,0.0,0.0,,
3097200435,5819279,2H,95,2,01:35:02.662,6038.662524,3097200205.0,,,,,,corner,[],100.0,100.0,6849,Jönköpings Södra,4-1-4-1,71745,Ariana,4-2-3-1,51830,D. Kozica,LCMF,False,-101.0,high,26.0,502351.0,F. Martinsson,RB,95.0,63.0,3097200435.0,8.7574845,"['corner', 'set_piece_attack']",4.0,0.0,100.0,100.0,100.0,38.0,6849.0,Jönköpings Södra,4-1-4-1,,,,,,,,,,,,,,,,,,,,,,,,,,,,,,,,,,,,,,,,,,,,,,,,100.0,100.0,95.0,63.0,right,5702,False,False,False,back_post,False,False,0,0,0,0,0.0,0.0,,
3169477721,5819260,1H,3,46,00:03:46.572,227.572222,3169477640.0,,,,,,corner,['loss'],100.0,0.0,6849,Jönköpings Södra,4-2-3-1,6785,Lund,4-1-4-1,51830,D. Kozica,AMF,False,90.0,high,27.0,0.0,,,100.0,40.0,3169477721.0,1.8313195,"['corner', 'set_piece_attack']",2.0,0.0,100.0,0.0,100.0,40.0,6849.0,Jönköpings Södra,4-2-3-1,,,,,,,,,,,,,,,,,,,,,,,,,,,,,,,,,,,,,,,,,,,,,,,,100.0,0.0,100.0,40.0,left,226,False,False,True,six_yard_central,False,False,0,0,0,0,0.0,0.0,,
3169478056,5819260,1H,27,30,00:27:30.793,1651.793271,3169479666.0,,,,,,corner,[],100.0,100.0,6849,Jönköpings Södra,4-2-3-1,6785,Lund,4-1-4-1,51830,D. Kozica,AMF,True,-103.0,high,41.0,0.0,,,91.0,42.0,3169478056.0,1.647244,"['corner', 'set_piece_attack', 'attack']",3.0,0.0,100.0,100.0,91.0,42.0,6849.0,Jönköpings Södra,4-2-3-1,False,False,False,right,0.0,,,,,,,,,,,,,,,,,,,,,,,,,,,,,,,,,,,,,,,,,,,100.0,100.0,91.0,42.0,right,1650,False,False,False,penalty_spot_zone,False,False,0,0,0,0,0.0,0.0,,
3169478242,5819260,1H,43,17,00:43:17.856,2598.856616,3169478254.0,,,,,,corner,[],100.0,0.0,6849,Jönköpings Södra,4-2-3-1,6785,Lund,4-1-4-1,51830,D. Kozica,AMF,False,93.0,high,33.0,807631.0,A. Alexandersson,GK,98.0,49.0,3169478242.0,2.585421,"['corner', 'set_piece_attack']",3.0,0.0,100.0,0.0,93.0,49.0,6849.0,Jönköpings Södra,4-2-3-1,,,,,,,,,,,,,,,,,,,,,,,,,,,,,,,,,,,,,,,,,,,,,,,,100.0,0.0,98.0,49.0,left,2597,False,False,False,six_yard_central,True,False,1,0,0,0,0.3132,0.3132,A. Bark,498534.0
3169478287,5819260,2H,46,18,00:46:18.244,3029.244808,3169478372.0,,,,,,corner,['loss'],100.0,100.0,6849,Jönköpings Södra,4-2-3-1,6785,Lund,4-1-4-1,51830,D. Kozica,AMF,False,-99.0,high,25.0,739679.0,G. Sågänger,LB,96.0,64.0,3169478287.0,14.52976,"['corner', 'set_piece_attack', 'attack']",6.0,0.0,100.0,100.0,72.0,44.0,6849.0,Jönköpings Södra,4-2-3-1,False,False,False,center,0.0,,,,,,,,,,,,,,,,,,,,,,,,,,,,,,,,,,,,,,,,,,,100.0,100.0,96.0,64.0,right,2778,False,False,True,back_post,False,False,0,0,0,0,0.0,0.0,,
3169478737,5819260,2H,75,37,01:15:37.712,4788.71248,3169478741.0,,,,,,corner,[],100.0,100.0,6849,Jönköpings Södra,4-2-3-1,6785,Lund,4-1-4-1,51830,D. Kozica,AMF,True,-102.0,high,33.0,613701.0,H. Lyck,RCB,93.0,52.0,3169478737.0,1.083696,"['corner', 'set_piece_attack', 'attack']",3.0,0.0,100.0,100.0,93.0,52.0,6849.0,Jönköpings Södra,4-2-3-1,False,False,False,right,0.0,,,,,,,,,,,,,,,,,,,,,,,,,,,,,,,,,,,,,,,,,,,100.0,100.0,93.0,52.0,right,4537,False,False,False,penalty_spot_zone,False,False,0,0,0,0,0.0,0.0,,
3073213479,5819246,1H,7,49,00:07:49.929,470.929078,3073214962.0,,,,,,corner,['shot_assist'],100.0,0.0,6849,Jönköpings Södra,4-1-4-1,7018,Tvååker,4-4-2,51830,D. Kozica,RCMF,True,120.0,low,34.0,1060409.0,L. Lyck,CF,84.0,43.0,3073213479.0,0.9662405,"['corner', 'set_piece_attack', 'attack']",2.0,0.0,100.0,0.0,84.0,43.0,6849.0,Jönköpings Södra,4-1-4-1,True,False,False,left,0.0788,,,,,,,,,,,,,,,,,,,,,,,,,,,,,,,,,,,,,,,,,,,100.0,0.0,84.0,43.0,left,469,True,False,False,penalty_spot_zone,True,False,1,0,0,0,0.0788,0.0788,L. Lyck,1060409.0
3073213602,5819246,1H,12,12,00:12:12.257,733.257508,3073213607.0,,,,,,corner,['shot_assist'],100.0,100.0,6849,Jönköpings Södra,4-1-4-1,7018,Tvååker,4-4-2,51830,D. Kozica,RCMF,True,-96.0,high,31.0,615319.0,A. Karlsson,LB,97.0,54.0,3073213602.0,1.751775,"['corner', 'set_piece_attack', 'attack']",4.0,0.0,100.0,100.0,96.0,53.0,6849.0,Jönköpings Södra,4-1-4-1,True,True,False,right,0.2541,,,,,,,,,,,,,,,,,,,,,,,,,,,,,,,,,,,,,,,,,,,100.0,100.0,97.0,54.0,right,732,True,False,False,six_yard_central,True,False,2,0,1,0,0.2883,0.2541,A. Karlsson,615319.0
3073214040,5819246,1H,29,32,00:29:32.005,1773.005977,3073214067.0,,,,,,corner,[],100.0,100.0,6849,Jönköpings Södra,4-1-4-1,7018,Tvååker,4-4-2,51830,D. Kozica,RCMF,True,-112.0,high,32.0,615319.0,A. Karlsson,LB,89.0,56.0,3073214040.0,6.872351,"['corner', 'set_piece_attack', 'attack']",6.0,0.0,100.0,100.0,100.0,76.0,6849.0,Jönköpings Södra,4-1-4-1,False,False,False,center,0.0,,,,,,,,,,,,,,,,,,,,,,,,,,,,,,,,,,,,,,,,,,,100.0,100.0,89.0,56.0,right,1772,False,False,False,penalty_spot_zone,False,False,0,0,0,0,0.0,0.0,,
3073214254,5819246,1H,40,3,00:40:03.828,2404.828084,3073215398.0,,,,,,corner,[],100.0,0.0,6849,Jönköpings Södra,4-1-4-1,7018,Tvååker,4-4-2,51830,D. Kozica,RCMF,True,98.0,high,35.0,0.0,,,95.0,51.0,3073214254.0,5.200393,"['corner', 'set_piece_attack', 'attack']",6.0,0.0,100.0,0.0,78.0,65.0,6849.0,Jönköpings Södra,4-1-4-1,True,False,False,center,0.0034,,,,,,,,,,,,,,,,,,,,,,,,,,,,,,,,,,,,,,,,,,,100.0,0.0,95.0,51.0,left,2403,False,False,False,six_yard_central,True,False,1,0,0,0,0.0034,0.0034,L. Lyck,1060409.0
3073214475,5819246,2H,48,59,00:48:59.215,3196.215659,3073214476.0,,,,,,corner,[],100.0,0.0,6849,Jönköpings Södra,4-1-4-1,7018,Tvååker,4-4-2,51830,D. Kozica,RW,True,107.0,high,24.0,1060411.0,A. Kiwarkis,CF,93.0,34.0,3073214475.0,1.2404295,"['corner', 'set_piece_attack', 'attack']",3.0,0.0,100.0,0.0,93.0,34.0,6849.0,Jönköpings Södra,4-1-4-1,False,False,False,left,0.0,,,,,,,,,,,,,,,,,,,,,,,,,,,,,,,,,,,,,,,,,,,100.0,0.0,93.0,34.0,left,2939,False,False,False,front_post,False,False,0,0,0,0,0.0,0.0,,
3073214637,5819246,2H,64,48,01:04:48.680,4145.680472,3073214946.0,,,,,,corner,['shot_assist'],100.0,100.0,6849,Jönköpings Södra,4-1-4-1,7018,Tvååker,4-4-2,51830,D. Kozica,RW,True,-100.0,high,36.0,558236.0,L. Eek,LCB,94.0,48.0,3073214637.0,1.7277195,"['corner', 'set_piece_attack', 'attack']",4.0,0.0,100.0,100.0,91.0,50.0,6849.0,Jönköpings Södra,4-1-4-1,True,False,False,right,0.0875,,,,,,,,,,,,,,,,,,,,,,,,,,,,,,,,,,,,,,,,,,,100.0,100.0,94.0,48.0,right,3888,True,False,False,six_yard_central,True,False,1,0,1,0,0.0875,0.0875,L. Eek,558236.0
3073214682,5819246,2H,69,18,01:09:18.099,4415.099006,3073214112.0,,,,,,corner,[],100.0,100.0,6849,Jönköpings Södra,4-1-4-1,7018,Tvååker,4-4-2,51830,D. Kozica,RW,False,-103.0,high,44.0,822768.0,T. Graudums,RCB,90.0,37.0,3073214682.0,0.9616975,"['corner', 'set_piece_attack']",1.0,0.0,100.0,100.0,90.0,37.0,6849.0,Jönköpings Södra,4-1-4-1,,,,,,,,,,,,,,,,,,,,,,,,,,,,,,,,,,,,,,,,,,,,,,,,100.0,100.0,90.0,37.0,right,4158,False,False,False,penalty_spot_zone,False,False,0,0,0,0,0.0,0.0,,
3073214761,5819246,2H,77,21,01:17:21.684,4898.68422,3073214762.0,,,,,,corner,['third_assist'],100.0,100.0,6849,Jönköpings Södra,4-1-4-1,7018,Tvååker,4-4-2,498534,A. Bark,LCMF,True,-100.0,high,30.0,613701.0,H. Lyck,RCB,95.0,57.0,3073214761.0,7.094005,"['corner', 'set_piece_attack', 'attack']",4.0,0.0,100.0,100.0,94.0,52.0,6849.0,Jönköpings Södra,4-1-4-1,True,True,True,left,0.2644,,,,,,,,,,,,,,,,,,,,,,,,,,,,,,,,,,,,,,,,,,,100.0,100.0,95.0,57.0,right,4641,False,False,False,six_yard_central,True,True,1,1,0,0,0.2644,0.2644,K. Grauberg Lepik,629185.0
3057971556,5819228,1H,2,48,00:02:48.236,169.236725,3057971557.0,,,,,,corner,[],100.0,100.0,6849,Jönköpings Södra,4-1-4-1,6777,Trollhättan,4-2-3-1,51830,D. Kozica,RCMF,True,-105.0,high,28.0,498534.0,A. Bark,LCMF,93.0,60.0,3057971556.0,1.7714795,"['corner', 'set_piece_attack', 'attack']",3.0,0.0,100.0,100.0,99.0,49.0,6849.0,Jönköpings Södra,4-1-4-1,True,False,False,right,0.3239,,,,,,,,,,,,,,,,,,,,,,,,,,,,,,,,,,,,,,,,,,,100.0,100.0,93.0,60.0,right,168,False,False,False,penalty_spot_zone,True,True,2,1,0,0,0.4452,0.3239,H. Lyck,613701.0
3057971837,5819228,1H,20,23,00:20:23.969,1224.969872,3057973557.0,,,,,,corner,[],100.0,100.0,6849,Jönköpings Södra,4-1-4-1,6777,Trollhättan,4-2-3-1,51830,D. Kozica,RCMF,True,-105.0,high,30.0,0.0,,,92.0,57.0,3057971837.0,1.928727,"['corner', 'set_piece_attack', 'attack']",3.0,0.0,100.0,100.0,92.0,57.0,6849.0,Jönköpings Södra,4-1-4-1,False,False,False,right,0.0,,,,,,,,,,,,,,,,,,,,,,,,,,,,,,,,,,,,,,,,,,,100.0,100.0,92.0,57.0,right,1223,False,False,False,penalty_spot_zone,False,False,0,0,0,0,0.0,0.0,,
3057971874,5819228,1H,22,42,00:22:42.418,1363.418552,3057973165.0,,,,,,corner,['loss'],100.0,0.0,6849,Jönköpings Södra,4-1-4-1,6777,Trollhättan,4-2-3-1,51830,D. Kozica,RCMF,False,94.0,high,32.0,1050637.0,K. Marinkovic,GK,98.0,47.0,3057971874.0,1.6638165,"['corner', 'set_piece_attack']",3.0,0.0,100.0,0.0,99.0,51.0,6849.0,Jönköpings Södra,4-1-4-1,,,,,,,,,,,,,,,,,,,,,,,,,,,,,,,,,,,,,,,,,,,,,,,,100.0,0.0,98.0,47.0,left,1362,False,False,True,six_yard_central,False,False,0,0,0,0,0.0,0.0,,
3057972161,5819228,1H,38,51,00:38:51.190,2332.190537,3057972188.0,,,,,,corner,['loss'],100.0,0.0,6849,Jönköpings Södra,4-1-4-1,6777,Trollhättan,4-2-3-1,51830,D. Kozica,RCMF,False,94.0,high,53.0,828102.0,A. Gashi,RCB,96.0,78.0,3057972161.0,3.7228955,"['corner', 'set_piece_attack']",1.0,0.0,100.0,0.0,96.0,78.0,6849.0,Jönköpings Södra,4-1-4-1,,,,,,,,,,,,,,,,,,,,,,,,,,,,,,,,,,,,,,,,,,,,,,,,100.0,0.0,96.0,78.0,left,2331,False,False,True,back_post,False,False,0,0,0,0,0.0,0.0,,
3057972219,5819228,1H,44,7,00:44:07.017,2648.0177,3057972223.0,,,,,,corner,[],100.0,100.0,6849,Jönköpings Södra,4-1-4-1,6777,Trollhättan,4-2-3-1,51830,D. Kozica,RCMF,True,-100.0,high,30.0,615319.0,A. Karlsson,LB,95.0,57.0,3057972219.0,53.3323,"['corner', 'set_piece_attack', 'attack']",10.0,0.0,100.0,100.0,100.0,79.0,6849.0,Jönköpings Södra,4-1-4-1,False,False,False,center,0.0,,,,,,,,,,,,,,,,,,,,,,,,,,,,,,,,,,,,,,,,,,,100.0,100.0,95.0,57.0,right,2647,False,False,False,six_yard_central,False,False,0,0,0,0,0.0,0.0,,
3057972229,5819228,1H,45,3,00:45:03.035,2704.035558,3057973132.0,,,,,,corner,['shot_assist'],100.0,100.0,6849,Jönköpings Södra,4-1-4-1,6777,Trollhättan,4-2-3-1,51830,D. Kozica,RCMF,True,-123.0,low,27.0,789558.0,J. Shamoun,RW,86.0,66.0,3057972229.0,0.6474625,"['corner', 'set_piece_attack', 'attack']",2.0,0.0,100.0,100.0,86.0,66.0,6849.0,Jönköpings Södra,4-1-4-1,True,True,False,right,0.0459,,,,,,,,,,,,,,,,,,,,,,,,,,,,,,,,,,,,,,,,,,,100.0,100.0,86.0,66.0,right,2703,True,False,False,penalty_spot_zone,True,False,2,0,1,0,0.3811,0.0459,J. Shamoun,789558.0
3051276231,5819216,1H,6,47,00:06:47.368,408.36815,3051277465.0,,,,,,corner,['shot_assist'],100.0,100.0,6849,Jönköpings Södra,4-1-4-1,6792,Skövde AIK,5-3-2,51830,D. Kozica,RCMF,True,-100.0,high,30.0,812471.0,A. Eriksson,RB,95.0,57.0,3051276231.0,0.9918,"['corner', 'set_piece_attack', 'attack']",4.0,0.0,100.0,100.0,96.0,55.0,6849.0,Jönköpings Södra,4-1-4-1,True,True,False,right,0.3054,,,,,,,,,,,,,,,,,,,,,,,,,,,,,,,,,,,,,,,,,,,100.0,100.0,95.0,57.0,right,407,True,False,False,six_yard_central,True,False,2,0,1,0,0.4665,0.3054,A. Eriksson,812471.0
3051276293,5819216,1H,9,1,00:09:01.173,542.173267,3051275974.0,,,,,,corner,[],100.0,100.0,6849,Jönköpings Södra,4-1-4-1,6792,Skövde AIK,5-3-2,51830,D. Kozica,RCMF,False,-102.0,high,47.0,750850.0,H. Forsgård,RCB3,90.0,32.0,3051276293.0,1.165051,"['corner', 'set_piece_attack']",1.0,0.0,100.0,100.0,90.0,32.0,6849.0,Jönköpings Södra,4-1-4-1,,,,,,,,,,,,,,,,,,,,,,,,,,,,,,,,,,,,,,,,,,,,,,,,100.0,100.0,90.0,32.0,right,541,False,False,False,penalty_spot_zone,False,False,0,0,0,0,0.0,0.0,,
3051276802,5819216,1H,37,6,00:37:06.011,2227.011241,3051276804.0,,,,,,corner,['shot_assist'],100.0,100.0,6849,Jönköpings Södra,4-1-4-1,6792,Skövde AIK,5-3-2,51830,D. Kozica,RCMF,True,-114.0,high,25.0,613701.0,H. Lyck,RCB,90.0,67.0,3051276802.0,0.51832,"['corner', 'set_piece_attack', 'attack']",2.0,0.0,100.0,100.0,90.0,67.0,6849.0,Jönköpings Södra,4-1-4-1,True,True,False,right,0.0367,,,,,,,,,,,,,,,,,,,,,,,,,,,,,,,,,,,,,,,,,,,100.0,100.0,90.0,67.0,right,2226,True,False,False,penalty_spot_zone,True,False,1,0,0,0,0.0367,0.0367,H. Lyck,613701.0
3051277003,5819216,2H,53,3,00:53:03.203,3438.203285,3051277004.0,,,,,,corner,['shot_assist'],100.0,0.0,6849,Jönköpings Södra,4-1-4-1,6792,Skövde AIK,5-3-2,51830,D. Kozica,RCMF,True,96.0,high,31.0,613701.0,H. Lyck,RCB,97.0,45.0,3051277003.0,0.892134,"['corner', 'set_piece_attack', 'attack']",2.0,0.0,100.0,0.0,97.0,45.0,6849.0,Jönköpings Södra,4-1-4-1,True,False,False,left,0.3255,,,,,,,,,,,,,,,,,,,,,,,,,,,,,,,,,,,,,,,,,,,100.0,0.0,97.0,45.0,left,3183,True,False,False,six_yard_central,True,False,1,0,1,0,0.3255,0.3255,H. Lyck,613701.0
3051277279,5819216,2H,77,53,01:17:53.079,4928.079814,3051276749.0,,,,,,corner,[],100.0,0.0,6849,Jönköpings Södra,4-4-2,6792,Skövde AIK,5-3-2,51830,D. Kozica,RCMF,False,95.0,high,36.0,1170811.0,S. Johnson,CB,97.0,52.0,3051277279.0,1.190495,"['corner', 'set_piece_attack']",1.0,0.0,100.0,0.0,97.0,52.0,6849.0,Jönköpings Södra,4-4-2,,,,,,,,,,,,,,,,,,,,,,,,,,,,,,,,,,,,,,,,,,,,,,,,100.0,0.0,97.0,52.0,left,4673,False,False,False,six_yard_central,False,False,0,0,0,0,0.0,0.0,,
3051277283,5819216,2H,78,18,01:18:18.424,4953.42453,3051277284.0,,,,,,corner,[],100.0,0.0,6849,Jönköpings Södra,4-4-2,6792,Skövde AIK,5-3-2,51830,D. Kozica,RCMF,True,156.0,low,20.0,51830.0,D. Kozica,RCMF,83.0,12.0,3051277283.0,4.582946,"['corner', 'set_piece_attack', 'attack']",4.0,0.0,100.0,0.0,93.0,43.0,6849.0,Jönköpings Södra,4-4-2,False,False,False,left,0.0,,,,,,,,,,,,,,,,,,,,,,,,,,,,,,,,,,,,,,,,,,,100.0,0.0,83.0,12.0,left,4698,False,False,False,edge_recycle_zone,False,False,0,0,0,0,0.0,0.0,,
3051277443,5819216,2H,93,33,01:33:33.324,5868.32443,3051277444.0,,,,,,corner,[],100.0,0.0,6849,Jönköpings Södra,4-4-2,6792,Skövde AIK,5-3-2,498534,A. Bark,LW,True,108.0,high,29.0,812471.0,A. Eriksson,RB,91.0,40.0,3051277443.0,2.5130635,"['corner', 'set_piece_attack', 'attack']",3.0,0.0,100.0,0.0,83.0,56.0,6849.0,Jönköpings Södra,4-4-2,True,False,False,left,0.011,,,,,,,,,,,,,,,,,,,,,,,,,,,,,,,,,,,,,,,,,,,100.0,0.0,91.0,40.0,left,5613,False,False,False,penalty_spot_zone,True,False,1,0,0,0,0.011,0.011,A. Kiwarkis,1060411.0
3030520836,5819202,1H,5,16,00:05:16.572,317.572053,3030520839.0,,,,,,corner,[],100.0,100.0,6849,Jönköpings Södra,4-1-4-1,6742,Ängelholm,4-4-2,51830,D. Kozica,RCMF,True,-114.0,high,34.0,812471.0,A. Eriksson,RB,87.0,54.0,3030520836.0,8.733212,"['corner', 'set_piece_attack', 'attack']",8.0,0.0,100.0,100.0,90.0,58.0,6849.0,Jönköpings Södra,4-1-4-1,True,True,False,right,0.1458,,,,,,,,,,,,,,,,,,,,,,,,,,,,,,,,,,,,,,,,,,,100.0,100.0,87.0,54.0,right,316,False,False,False,penalty_spot_zone,True,False,1,0,0,0,0.1458,0.1458,F. Benatallah,674204.0
3030520916,5819202,1H,8,32,00:08:32.924,513.924039,3030520919.0,,,,,,corner,['shot_assist'],100.0,100.0,6849,Jönköpings Södra,4-1-4-1,6742,Ängelholm,4-4-2,51830,D. Kozica,RCMF,True,-106.0,high,36.0,674204.0,F. Benatallah,LCMF,90.0,50.0,3030520916.0,1.7172725,"['corner', 'set_piece_attack', 'attack']",4.0,0.0,100.0,100.0,90.0,49.0,6849.0,Jönköpings Södra,4-1-4-1,True,False,False,right,0.068,,,,,,,,,,,,,,,,,,,,,,,,,,,,,,,,,,,,,,,,,,,100.0,100.0,90.0,50.0,right,512,True,False,False,penalty_spot_zone,True,False,1,0,1,0,0.068,0.068,F. Benatallah,674204.0
3030520933,5819202,1H,9,44,00:09:44.986,585.986299,3030520934.0,,,,,,corner,[],100.0,100.0,6849,Jönköpings Södra,4-1-4-1,6742,Ängelholm,4-4-2,51830,D. Kozica,RCMF,True,-97.0,high,31.0,613701.0,H. Lyck,RCB,96.0,55.0,3030520933.0,1.778193,"['corner', 'set_piece_attack', 'attack']",2.0,0.0,100.0,100.0,96.0,55.0,6849.0,Jönköpings Södra,4-1-4-1,False,False,False,right,0.0,,,,,,,,,,,,,,,,,,,,,,,,,,,,,,,,,,,,,,,,,,,100.0,100.0,96.0,55.0,right,584,False,False,False,six_yard_central,False,False,0,0,0,0,0.0,0.0,,
3030521055,5819202,1H,15,33,00:15:33.707,934.707708,3030521058.0,,,,,,corner,[],100.0,100.0,6849,Jönköpings Södra,4-1-4-1,6742,Ängelholm,4-4-2,51830,D. Kozica,RCMF,True,-110.0,high,30.0,812471.0,A. Eriksson,RB,90.0,59.0,3030521055.0,7.447028,"['corner', 'set_piece_attack', 'attack']",9.0,0.0,100.0,100.0,89.0,37.0,6849.0,Jönköpings Södra,4-1-4-1,True,False,False,center,0.0326,,,,,,,,,,,,,,,,,,,,,,,,,,,,,,,,,,,,,,,,,,,100.0,100.0,90.0,59.0,right,933,False,False,False,penalty_spot_zone,True,False,1,0,0,0,0.0326,0.0326,H. Lyck,613701.0
3030521176,5819202,1H,22,55,00:22:55.298,1376.298797,3030521179.0,,,,,,corner,[],100.0,0.0,6849,Jönköpings Södra,4-1-4-1,6742,Ängelholm,4-4-2,51830,D. Kozica,RCMF,True,151.0,low,11.0,789558.0,J. Shamoun,RW,91.0,7.0,3030521176.0,32.6127795,"['corner', 'set_piece_attack', 'attack']",16.0,0.0,100.0,0.0,100.0,22.0,6849.0,Jönköpings Södra,4-1-4-1,False,False,False,left,0.0,,,,,,,,,,,,,,,,,,,,,,,,,,,,,,,,,,,,,,,,,,,100.0,0.0,91.0,7.0,left,1375,False,False,False,edge_recycle_zone,False,False,0,0,0,0,0.0,0.0,,
3030521215,5819202,1H,24,41,00:24:41.276,1482.276918,3030521217.0,,,,,,corner,['shot_assist'],100.0,100.0,6849,Jönköpings Södra,4-1-4-1,6742,Ängelholm,4-4-2,51830,D. Kozica,RCMF,True,-114.0,high,34.0,615319.0,A. Karlsson,LB,87.0,55.0,3030521215.0,1.4813135,"['corner', 'set_piece_attack', 'attack']",2.0,0.0,100.0,100.0,87.0,55.0,6849.0,Jönköpings Södra,4-1-4-1,True,True,False,right,0.1404,,,,,,,,,,,,,,,,,,,,,,,,,,,,,,,,,,,,,,,,,,,100.0,100.0,87.0,55.0,right,1481,True,False,False,penalty_spot_zone,True,False,1,0,0,0,0.1404,0.1404,A. Karlsson,615319.0
3030521243,5819202,1H,27,21,00:27:21.692,1642.692904,3030521245.0,,,,,,corner,[],100.0,0.0,6849,Jönköpings Södra,4-1-4-1,6742,Ängelholm,4-4-2,51830,D. Kozica,RCMF,True,104.0,high,34.0,615319.0,A. Karlsson,LB,92.0,49.0,3030521243.0,4.4543835,"['corner', 'set_piece_attack', 'attack']",5.0,0.0,100.0,0.0,76.0,64.0,6849.0,Jönköpings Södra,4-1-4-1,True,False,False,left,0.0058,,,,,,,,,,,,,,,,,,,,,,,,,,,,,,,,,,,,,,,,,,,100.0,0.0,92.0,49.0,left,1641,False,False,False,penalty_spot_zone,True,False,1,0,0,0,0.0058,0.0058,L. Lyck,1060409.0
3109398022,5819179,1H,3,9,00:03:09.399,190.39981,3109398019.0,,,,,,corner,['loss'],100.0,0.0,6849,Jönköpings Södra,4-1-4-1,24438,Hässleholms IF,4-4-2,51830,D. Kozica,RCMF,False,92.0,high,29.0,603328.0,A. Andersson,RCMF,99.0,43.0,3109398022.0,8.1603745,"['corner', 'set_piece_attack', 'attack']",9.0,0.0,100.0,0.0,79.0,64.0,6849.0,Jönköpings Södra,4-1-4-1,True,True,False,left,0.0341,,,,,,,,,,,,,,,,,,,,,,,,,,,,,,,,,,,,,,,,,,,100.0,0.0,99.0,43.0,left,189,False,False,True,six_yard_central,True,False,1,0,0,0,0.0341,0.0341,L. Lyck,1060409.0
3109398119,5819179,1H,8,33,00:08:33.050,514.050218,3109398121.0,,,,,,corner,['shot_assist'],100.0,0.0,6849,Jönköpings Södra,4-1-4-1,24438,Hässleholms IF,4-4-2,51830,D. Kozica,RCMF,True,95.0,high,33.0,613701.0,H. Lyck,RCB,97.0,50.0,3109398119.0,1.006749,"['corner', 'set_piece_attack', 'attack']",4.0,0.0,100.0,0.0,99.0,46.0,6849.0,Jönköpings Södra,4-1-4-1,True,False,False,left,0.3561,,,,,,,,,,,,,,,,,,,,,,,,,,,,,,,,,,,,,,,,,,,100.0,0.0,97.0,50.0,left,513,True,False,False,six_yard_central,True,False,1,0,1,0,0.3561,0.3561,H. Lyck,613701.0
3109398214,5819179,1H,13,7,00:13:07.083,788.083659,3109398215.0,,,,,,corner,[],100.0,0.0,6849,Jönköpings Södra,4-1-4-1,24438,Hässleholms IF,4-4-2,51830,D. Kozica,RCMF,True,92.0,high,37.0,674204.0,F. Benatallah,LCMF,99.0,54.0,3109398214.0,0.579443,"['corner', 'set_piece_attack', 'attack']",2.0,0.0,100.0,0.0,99.0,54.0,6849.0,Jönköpings Södra,4-1-4-1,False,False,False,left,0.0,,,,,,,,,,,,,,,,,,,,,,,,,,,,,,,,,,,,,,,,,,,100.0,0.0,99.0,54.0,left,787,False,False,False,six_yard_central,False,False,0,0,0,0,0.0,0.0,,
3109398241,5819179,1H,17,29,00:17:29.699,1050.699376,3109398242.0,,,,,,corner,[],100.0,100.0,6849,Jönköpings Södra,4-1-4-1,24438,Hässleholms IF,4-4-2,51830,D. Kozica,RCMF,True,-101.0,high,26.0,674204.0,F. Benatallah,LCMF,95.0,63.0,3109398241.0,3.382419,"['corner', 'set_piece_attack', 'attack']",5.0,0.0,100.0,100.0,94.0,36.0,6849.0,Jönköpings Södra,4-1-4-1,True,True,False,center,0.095,,,,,,,,,,,,,,,,,,,,,,,,,,,,,,,,,,,,,,,,,,,100.0,100.0,95.0,63.0,right,1049,False,False,False,back_post,True,False,1,0,0,0,0.095,0.095,A. Kiwarkis,1060411.0
3109398256,5819179,1H,18,59,00:18:59.894,1140.89461,3109399435.0,,,,,,corner,[],100.0,0.0,6849,Jönköpings Södra,4-1-4-1,24438,Hässleholms IF,4-4-2,51830,D. Kozica,RCMF,True,97.0,high,36.0,0.0,,,96.0,52.0,3109398256.0,1.082702,"['corner', 'set_piece_attack', 'attack']",3.0,0.0,100.0,0.0,96.0,52.0,6849.0,Jönköpings Södra,4-1-4-1,False,False,False,left,0.0,,,,,,,,,,,,,,,,,,,,,,,,,,,,,,,,,,,,,,,,,,,100.0,0.0,96.0,52.0,left,1139,False,False,False,six_yard_central,False,False,0,0,0,0,0.0,0.0,,
3109398384,5819179,1H,24,38,00:24:38.634,1479.634255,3109399413.0,,,,,,corner,[],100.0,0.0,6849,Jönköpings Södra,4-1-4-1,24438,Hässleholms IF,4-4-2,51830,D. Kozica,RCMF,True,97.0,high,32.0,51679.0,J. Drott,DMF,96.0,46.0,3109398384.0,1.208431,"['corner', 'set_piece_attack', 'attack']",3.0,0.0,100.0,0.0,96.0,46.0,6849.0,Jönköpings Södra,4-1-4-1,False,False,False,left,0.0,,,,,,,,,,,,,,,,,,,,,,,,,,,,,,,,,,,,,,,,,,,100.0,0.0,96.0,46.0,left,1478,False,False,False,six_yard_central,False,False,0,0,0,0,0.0,0.0,,
3109398712,5819179,1H,47,28,00:47:28.218,2849.218171,3109398713.0,,,,,,corner,['shot_assist'],100.0,100.0,6849,Jönköpings Södra,4-1-4-1,24438,Hässleholms IF,4-4-2,51830,D. Kozica,RCMF,True,-94.0,high,27.0,613701.0,H. Lyck,RCB,98.0,61.0,3109398712.0,1.8731025,"['corner', 'set_piece_attack', 'attack']",4.0,0.0,100.0,100.0,98.0,61.0,6849.0,Jönköpings Södra,4-1-4-1,True,False,False,right,0.0711,,,,,,,,,,,,,,,,,,,,,,,,,,,,,,,,,,,,,,,,,,,100.0,100.0,98.0,61.0,right,2848,True,False,False,six_yard_central,True,False,1,0,1,0,0.0711,0.0711,H. Lyck,613701.0
3109398828,5819179,2H,47,57,00:47:57.966,3037.966795,3109398829.0,,,,,,corner,[],100.0,100.0,6849,Jönköpings Södra,4-1-4-1,24438,Hässleholms IF,4-4-2,51830,D. Kozica,RCMF,True,-96.0,high,31.0,613701.0,H. Lyck,RCB,97.0,55.0,3109398828.0,1.42117,"['corner', 'set_piece_attack', 'attack']",3.0,0.0,100.0,100.0,97.0,54.0,6849.0,Jönköpings Södra,4-1-4-1,False,False,False,center,0.0,,,,,,,,,,,,,,,,,,,,,,,,,,,,,,,,,,,,,,,,,,,100.0,100.0,97.0,55.0,right,2877,False,False,False,six_yard_central,False,False,0,0,0,0,0.0,0.0,,
3109398847,5819179,2H,49,1,00:49:01.852,3101.852908,3109398699.0,,,,,,corner,['loss'],100.0,100.0,6849,Jönköpings Södra,4-1-4-1,24438,Hässleholms IF,4-4-2,51830,D. Kozica,RCMF,False,-94.0,high,32.0,603328.0,A. Andersson,RCMF,98.0,53.0,3109398847.0,15.60404,"['corner', 'set_piece_attack', 'attack']",9.0,0.0,100.0,100.0,95.0,57.0,6849.0,Jönköpings Södra,4-1-4-1,True,False,False,left,0.095,,,,,,,,,,,,,,,,,,,,,,,,,,,,,,,,,,,,,,,,,,,100.0,100.0,98.0,53.0,right,2941,False,False,True,six_yard_central,True,False,1,0,1,0,0.095,0.095,A. Karlsson,615319.0
3109399088,5819179,2H,64,22,01:04:22.017,4022.017244,3109399089.0,,,,,,corner,[],100.0,100.0,6849,Jönköpings Södra,4-1-4-1,24438,Hässleholms IF,4-4-2,51830,D. Kozica,RCMF,True,-126.0,low,23.0,789558.0,J. Shamoun,RW,87.0,72.0,3109399088.0,2.2436755,"['corner', 'set_piece_attack', 'attack']",2.0,0.0,100.0,100.0,94.0,53.0,6849.0,Jönköpings Södra,4-1-4-1,False,False,False,right,0.0,,,,,,,,,,,,,,,,,,,,,,,,,,,,,,,,,,,,,,,,,,,100.0,100.0,87.0,72.0,right,3862,False,False,False,edge_recycle_zone,False,False,0,0,0,0,0.0,0.0,,
3109399091,5819179,2H,64,46,01:04:46.267,4046.267458,3109399092.0,,,,,,corner,['shot_assist'],100.0,100.0,6849,Jönköpings Södra,4-1-4-1,24438,Hässleholms IF,4-4-2,51830,D. Kozica,RCMF,True,-96.0,high,31.0,674204.0,F. Benatallah,LCMF,97.0,55.0,3109399091.0,2.649993,"['corner', 'set_piece_attack', 'attack']",4.0,0.0,100.0,100.0,75.0,42.0,6849.0,Jönköpings Södra,4-1-4-1,True,False,False,right,0.008,,,,,,,,,,,,,,,,,,,,,,,,,,,,,,,,,,,,,,,,,,,100.0,100.0,97.0,55.0,right,3886,True,False,False,six_yard_central,True,False,1,0,0,0,0.008,0.008,L. Lyck,1060409.0
3102514948,5819169,1H,1,9,00:01:09.692,70.692801,3102514888.0,,,,,,corner,[],100.0,0.0,6849,Jönköpings Södra,4-4-2,6715,Trelleborg,4-1-4-1,51830,D. Kozica,SS,False,96.0,low,27.0,1060435.0,V. George Poppler,CF,97.0,39.0,3102514948.0,19.2859785,"['corner', 'set_piece_attack']",9.0,0.0,100.0,0.0,62.0,0.0,6849.0,Jönköpings Södra,4-4-2,,,,,,,,,,,,,,,,,,,,,,,,,,,,,,,,,,,,,,,,,,,,,,,,100.0,0.0,97.0,39.0,left,69,False,False,False,six_yard_central,False,False,0,0,0,0,0.0,0.0,,
3102515281,5819169,1H,27,5,00:27:05.245,1626.245134,3102516957.0,,,,,,corner,[],100.0,100.0,6849,Jönköpings Södra,4-4-2,6715,Trelleborg,4-1-4-1,51830,D. Kozica,SS,True,-105.0,high,35.0,0.0,,,91.0,50.0,3102515281.0,2.469363,"['corner', 'set_piece_attack', 'attack']",5.0,0.0,100.0,100.0,95.0,49.0,6849.0,Jönköpings Södra,4-4-2,False,False,False,center,0.0,,,,,,,,,,,,,,,,,,,,,,,,,,,,,,,,,,,,,,,,,,,100.0,100.0,91.0,50.0,right,1625,False,False,False,penalty_spot_zone,False,False,0,0,0,0,0.0,0.0,,
3102515730,5819169,2H,57,57,00:57:57.110,3568.110644,3102516156.0,,,,,,corner,['shot_assist'],100.0,0.0,6849,Jönköpings Södra,4-2-3-1,6715,Trelleborg,4-1-4-1,51830,D. Kozica,RDMF,False,92.0,high,35.0,347475.0,M. Påhlsson,GK,99.0,51.0,3102515730.0,1.346836,"['corner', 'set_piece_attack', 'attack']",3.0,0.0,100.0,0.0,89.0,61.0,6849.0,Jönköpings Södra,4-2-3-1,True,True,False,left,0.1137,,,,,,,,,,,,,,,,,,,,,,,,,,,,,,,,,,,,,,,,,,,100.0,0.0,99.0,51.0,left,3477,True,False,False,six_yard_central,True,False,1,0,0,0,0.1137,0.1137,L. Lyck,1060409.0
3102515741,5819169,2H,58,42,00:58:42.089,3613.089397,3102515743.0,,,,,,corner,[],100.0,100.0,6849,Jönköpings Södra,4-2-3-1,6715,Trelleborg,4-1-4-1,51830,D. Kozica,RDMF,True,-102.0,high,40.0,613701.0,H. Lyck,RCB,92.0,42.0,3102515741.0,10.111171,"['corner', 'set_piece_attack', 'attack']",10.0,0.0,100.0,100.0,77.0,96.0,6849.0,Jönköpings Södra,4-2-3-1,False,False,False,right,0.0,,,,,,,,,,,,,,,,,,,,,,,,,,,,,,,,,,,,,,,,,,,100.0,100.0,92.0,42.0,right,3522,False,False,False,penalty_spot_zone,False,False,0,0,0,0,0.0,0.0,,
3102515752,5819169,2H,60,32,01:00:32.101,3723.101723,3102515757.0,,,,,,corner,['shot_assist'],100.0,100.0,6849,Jönköpings Södra,4-2-3-1,6715,Trelleborg,4-1-4-1,51830,D. Kozica,RDMF,True,-104.0,high,30.0,51679.0,J. Drott,LDMF,93.0,57.0,3102515752.0,0.6343685,"['corner', 'set_piece_attack', 'attack']",2.0,0.0,100.0,100.0,93.0,57.0,6849.0,Jönköpings Södra,4-2-3-1,True,False,False,right,0.1325,,,,,,,,,,,,,,,,,,,,,,,,,,,,,,,,,,,,,,,,,,,100.0,100.0,93.0,57.0,right,3632,True,False,False,penalty_spot_zone,True,False,1,0,1,0,0.1325,0.1325,J. Drott,51679.0
3102516013,5819169,2H,83,23,01:23:23.052,5094.052639,3102516014.0,,,,,,corner,['shot_assist'],100.0,100.0,6849,Jönköpings Södra,4-2-3-1,6715,Trelleborg,4-1-4-1,51830,D. Kozica,RDMF,True,-104.0,high,34.0,615319.0,A. Karlsson,RB,92.0,52.0,3102516013.0,1.877113,"['corner', 'set_piece_attack', 'attack']",3.0,0.0,100.0,100.0,92.0,46.0,6849.0,Jönköpings Södra,4-2-3-1,True,False,False,right,0.1251,,,,,,,,,,,,,,,,,,,,,,,,,,,,,,,,,,,,,,,,,,,100.0,100.0,92.0,52.0,right,5003,True,False,False,penalty_spot_zone,True,False,2,0,1,0,0.41,0.1251,A. Karlsson,615319.0
3102516124,5819169,2H,93,35,01:33:35.615,5706.615469,3102516360.0,,,,,,corner,['shot_assist'],100.0,0.0,6849,Jönköpings Södra,4-2-3-1,6715,Trelleborg,4-1-4-1,51830,D. Kozica,RDMF,False,98.0,high,36.0,347475.0,M. Påhlsson,GK,95.0,52.0,3102516124.0,1.5330535,"['corner', 'set_piece_attack', 'attack']",5.0,0.0,100.0,0.0,93.0,67.0,6849.0,Jönköpings Södra,4-2-3-1,True,True,False,left,0.0722,,,,,,,,,,,,,,,,,,,,,,,,,,,,,,,,,,,,,,,,,,,100.0,0.0,95.0,52.0,left,5615,True,False,False,six_yard_central,True,False,1,0,0,0,0.0722,0.0722,O. Almström,692804.0
3056350004,5819154,1H,3,6,00:03:06.832,187.832559,3056350249.0,,,,,,corner,['loss'],100.0,100.0,6849,Jönköpings Södra,4-2-3-1,6925,Laholms FK,4-1-4-1,1060409,L. Lyck,CF,False,-100.0,low,24.0,1315748.0,N. Hedström,LB,96.0,66.0,3056350004.0,8.107881,"['corner', 'set_piece_attack', 'attack']",6.0,0.0,100.0,100.0,91.0,59.0,6849.0,Jönköpings Södra,4-2-3-1,False,False,False,right,0.0,,,,,,,,,,,,,,,,,,,,,,,,,,,,,,,,,,,,,,,,,,,100.0,100.0,96.0,66.0,right,186,False,False,True,back_post,False,False,0,0,0,0,0.0,0.0,,
3056350057,5819154,1H,8,35,00:08:35.124,516.124534,3056350058.0,,,,,,corner,['shot_assist'],100.0,100.0,6849,Jönköpings Södra,4-2-3-1,6925,Laholms FK,4-1-4-1,51830,D. Kozica,AMF,True,-104.0,high,37.0,613701.0,H. Lyck,RCB,91.0,47.0,3056350057.0,1.1066505,"['corner', 'set_piece_attack', 'attack']",2.0,0.0,100.0,100.0,91.0,47.0,6849.0,Jönköpings Södra,4-2-3-1,True,True,False,right,0.0973,,,,,,,,,,,,,,,,,,,,,,,,,,,,,,,,,,,,,,,,,,,100.0,100.0,91.0,47.0,right,515,True,False,False,penalty_spot_zone,True,False,1,0,1,0,0.0973,0.0973,H. Lyck,613701.0
3056350235,5819154,1H,23,47,00:23:47.703,1428.703804,3056350236.0,,,,,,corner,[],100.0,100.0,6849,Jönköpings Södra,4-2-3-1,6925,Laholms FK,4-1-4-1,51830,D. Kozica,AMF,True,-110.0,high,35.0,258063.0,S. Crona,LCB,89.0,52.0,3056350235.0,13.3107855,"['corner', 'set_piece_attack', 'attack']",7.0,0.0,100.0,100.0,77.0,46.0,6849.0,Jönköpings Södra,4-2-3-1,True,False,False,left,0.0033,,,,,,,,,,,,,,,,,,,,,,,,,,,,,,,,,,,,,,,,,,,100.0,100.0,89.0,52.0,right,1427,False,False,False,penalty_spot_zone,True,False,1,0,0,0,0.0033,0.0033,L. Lyck,1060409.0
3056350293,5819154,1H,27,7,00:27:07.920,1628.92023,3056350766.0,,,,,,corner,"['loss', 'carry']",100.0,0.0,6849,Jönköpings Södra,4-2-3-1,6925,Laholms FK,4-1-4-1,51830,D. Kozica,AMF,False,102.0,high,35.0,919857.0,V. Johansson,LW,93.0,50.0,3056350293.0,20.870526,"['corner', 'set_piece_attack', 'attack']",14.0,0.0,100.0,0.0,91.0,54.0,6849.0,Jönköpings Södra,4-2-3-1,True,False,False,left,0.2863,,,,,,,,,,,,,,,2.594,83.0,12.0,,,,,,,,,,,,,,,,,,,,,,,,,,100.0,0.0,93.0,50.0,left,1627,False,False,True,penalty_spot_zone,False,False,0,0,0,0,0.0,0.0,,
3056350359,5819154,1H,32,5,00:32:05.739,1926.739822,3056350362.0,,,,,,corner,"['assist', 'shot_assist']",100.0,100.0,6849,Jönköpings Södra,4-2-3-1,6925,Laholms FK,4-1-4-1,51830,D. Kozica,AMF,True,-104.0,high,34.0,615319.0,A. Karlsson,RB,92.0,52.0,3056350359.0,1.566494,"['corner', 'set_piece_attack', 'attack']",6.0,0.0,100.0,100.0,90.0,54.0,6849.0,Jönköpings Södra,4-2-3-1,True,True,True,center,0.1352,,,,,,,,,,,,,,,,,,,,,,,,,,,,,,,,,,,,,,,,,,,100.0,100.0,92.0,52.0,right,1925,True,True,False,penalty_spot_zone,True,True,1,1,1,1,0.1352,0.1352,A. Karlsson,615319.0
3056350750,5819154,2H,56,54,00:56:54.068,3557.06889,3056351239.0,,,,,,corner,['loss'],100.0,0.0,6849,Jönköpings Södra,4-2-3-1,6925,Laholms FK,4-1-4-1,51830,D. Kozica,AMF,False,111.0,high,17.0,919857.0,V. Johansson,LW,94.0,24.0,3056350750.0,7.0852675,"['corner', 'set_piece_attack', 'attack']",5.0,0.0,100.0,0.0,89.0,55.0,6849.0,Jönköpings Södra,4-2-3-1,True,False,False,left,0.1232,,,,,,,,,,,,,,,,,,,,,,,,,,,,,,,,,,,,,,,,,,,100.0,0.0,94.0,24.0,left,3414,False,False,True,front_post,True,False,1,0,1,0,0.1232,0.1232,A. Karlsson,615319.0
