team_name,player_name,pickup_x,pickup_y,pickup_delay,travel_distance,pickup_in_attacking_half
Jönköpings Södra,S. Crona,39.0,19.0,3.0,0.0,False
Jönköpings Södra,J. Shamoun,53.0,73.0,1.0,0.0,True
Jönköpings Södra,A. Eriksson,47.0,43.0,2.0,0.0,False
Jönköpings Södra,A. Kiwarkis,89.0,58.0,2.0,0.0,True
Jönköpings Södra,J. Drott,89.0,39.0,1.0,0.0,True
Jönköpings Södra,A. Kiwarkis,88.0,63.0,2.0,0.0,True
Jönköpings Södra,L. Eek,73.0,15.0,1.0,0.0,True
Jönköpings Södra,A. Eriksson,95.0,47.0,2.0,0.0,True
Jönköpings Södra,A. Kiwarkis,88.0,55.0,1.0,0.0,True
Jönköpings Södra,K. Grauberg Lepik,62.0,30.0,4.0,8.0,True
Jönköpings Södra,O. Almström,95.0,51.0,1.0,0.0,True
Jönköpings Södra,H. Lyck,76.0,92.0,2.0,0.0,True
Jönköpings Södra,A. Eriksson,40.0,37.0,2.0,0.0,False
Jönköpings Södra,J. Shamoun,98.0,63.0,5.0,0.0,True
Jönköpings Södra,J. Shamoun,93.0,55.0,1.0,0.0,True
Jönköpings Södra,A. Kiwarkis,96.0,47.0,5.0,42.5440947723653,True
Jönköpings Södra,S. Crona,78.0,23.0,2.0,0.0,True
Jönköpings Södra,L. Eek,94.0,47.0,8.0,0.0,True
Jönköpings Södra,L. Lyck,78.0,67.0,2.0,0.0,True
Jönköpings Södra,A. Eriksson,88.0,66.0,1.0,4.0,True
Jönköpings Södra,J. Shamoun,47.0,81.0,2.0,0.0,False
Jönköpings Södra,A. Kiwarkis,53.0,72.0,3.0,0.0,True
Jönköpings Södra,D. Kozica,80.0,81.0,0.0,8.246211251235321,True
Jönköpings Södra,A. Eriksson,87.0,51.0,1.0,0.0,True
Jönköpings Södra,A. Eriksson,33.0,82.0,5.0,12.649110640673518,False
Jönköpings Södra,J. Shamoun,89.0,36.0,2.0,0.0,True
Jönköpings Södra,C. Hellström,33.0,6.0,6.0,8.54400374531753,False
Jönköpings Södra,A. Bark,92.0,82.0,1.0,19.697715603592208,True
Jönköpings Södra,A. Eriksson,51.0,64.0,7.0,24.020824298928627,True
Jönköpings Södra,D. Kozica,79.0,76.0,1.0,0.0,True
Jönköpings Södra,F. Benatallah,92.0,73.0,6.0,34.0147027033899,True
Jönköpings Södra,O. Almström,21.0,6.0,1.0,0.0,False
Jönköpings Södra,A. Kiwarkis,77.0,82.0,1.0,0.0,True
Jönköpings Södra,S. Crona,80.0,15.0,2.0,0.0,True
Jönköpings Södra,A. Kiwarkis,68.0,21.0,1.0,0.0,True
Jönköpings Södra,C. Farnerud,59.0,89.0,1.0,0.0,True
Jönköpings Södra,L. Eek,87.0,34.0,3.0,0.0,True
Jönköpings Södra,A. Karlsson,42.0,71.0,2.0,0.0,False
Jönköpings Södra,H. Lyck,41.0,81.0,3.0,0.0,False
Jönköpings Södra,D. Kozica,79.0,65.0,8.0,28.635642126552707,True
Jönköpings Södra,A. Karlsson,78.0,89.0,1.0,0.0,True
Jönköpings Södra,L. Eek,24.0,37.0,3.0,0.0,False
Jönköpings Södra,A. Kiwarkis,56.0,13.0,2.0,0.0,True
Jönköpings Södra,D. Kozica,90.0,35.0,5.0,0.0,True
Jönköpings Södra,D. Kozica,56.0,60.0,5.0,22.360679774997898,True
Jönköpings Södra,A. Kiwarkis,72.0,20.0,1.0,0.0,True
Jönköpings Södra,D. Kozica,33.0,39.0,2.0,0.0,False
Jönköpings Södra,A. Eriksson,70.0,88.0,2.0,0.0,True
Jönköpings Södra,A. Eriksson,92.0,32.0,2.0,0.0,True
Jönköpings Södra,D. Kozica,54.0,22.0,2.0,0.0,True
Jönköpings Södra,A. Kiwarkis,96.0,16.0,1.0,84.09518416651456,True
Jönköpings Södra,L. Eek,96.0,51.0,2.0,0.0,True
Jönköpings Södra,A. Eriksson,11.0,61.0,2.0,0.0,False
Jönköpings Södra,S. Crona,26.0,20.0,6.0,42.2965719651132,False
Jönköpings Södra,K. Galabri,86.0,37.0,3.0,0.0,True
Jönköpings Södra,J. Shamoun,99.0,72.0,1.0,3.605551275463989,True
Jönköpings Södra,D. Kozica,60.0,88.0,2.0,19.209372712298546,True
Jönköpings Södra,J. Drott,81.0,25.0,2.0,0.0,True
Jönköpings Södra,S. Crona,58.0,7.0,4.0,0.0,True
Jönköpings Södra,L. Lyck,89.0,35.0,1.0,0.0,True
Jönköpings Södra,J. Shamoun,75.0,19.0,5.0,0.0,True
Jönköpings Södra,H. Lyck,73.0,57.0,2.0,0.0,True
Jönköpings Södra,A. Kiwarkis,86.0,27.0,2.0,0.0,True
Jönköpings Södra,J. Drott,68.0,31.0,2.0,0.0,True
Jönköpings Södra,F. Benatallah,57.0,5.0,5.0,15.0,True
Jönköpings Södra,H. Lyck,61.0,95.0,2.0,0.0,True
Jönköpings Södra,S. Crona,81.0,31.0,1.0,0.0,True
Jönköpings Södra,O. Almström,92.0,16.0,2.0,84.38009243891595,True
Jönköpings Södra,A. Eriksson,47.0,11.0,3.0,0.0,False
Jönköpings Södra,A. Kiwarkis,93.0,44.0,1.0,0.0,True
Jönköpings Södra,A. Bark,88.0,87.0,7.0,0.0,True
Jönköpings Södra,A. Bark,87.0,42.0,2.0,0.0,True
Jönköpings Södra,A. Bark,74.0,87.0,2.0,0.0,True
Jönköpings Södra,A. Eriksson,85.0,54.0,2.0,0.0,True
Jönköpings Södra,J. Shamoun,92.0,85.0,1.0,17.0,True
Jönköpings Södra,L. Eek,76.0,28.0,1.0,0.0,True
Jönköpings Södra,A. Bark,76.0,76.0,3.0,7.0710678118654755,True
Jönköpings Södra,K. Galabri,98.0,71.0,5.0,0.0,True
Jönköpings Södra,A. Eriksson,34.0,23.0,3.0,0.0,False
Jönköpings Södra,D. Kozica,33.0,97.0,2.0,0.0,False
Jönköpings Södra,A. Bark,67.0,75.0,3.0,0.0,True
Jönköpings Södra,D. Kozica,95.0,32.0,2.0,0.0,True
Jönköpings Södra,J. Drott,97.0,32.0,3.0,5.385164807134504,True
Jönköpings Södra,A. Kiwarkis,79.0,29.0,1.0,0.0,True
Jönköpings Södra,A. Eriksson,90.0,27.0,4.0,0.0,True
Jönköpings Södra,E. Boulos,54.0,95.0,2.0,7.615773105863909,True
Jönköpings Södra,A. Eriksson,97.0,54.0,6.0,38.600518131237564,True
Jönköpings Södra,K. Grauberg Lepik,70.0,49.0,1.0,0.0,True
Jönköpings Södra,D. Kozica,60.0,79.0,2.0,12.806248474865697,True
Jönköpings Södra,A. Kiwarkis,90.0,21.0,0.0,79.63039620647382,True
Jönköpings Södra,H. Lyck,34.0,84.0,1.0,0.0,False
Jönköpings Södra,J. Shamoun,87.0,54.0,3.0,0.0,True
Jönköpings Södra,F. Benatallah,60.0,17.0,3.0,5.0,True
Jönköpings Södra,A. Kiwarkis,52.0,11.0,0.0,16.76305461424021,True
Jönköpings Södra,A. Bark,87.0,35.0,5.0,0.0,True
Jönköpings Södra,D. Kozica,33.0,21.0,2.0,0.0,False
Jönköpings Södra,O. Almström,92.0,55.0,8.0,0.0,True
Jönköpings Södra,J. Drott,78.0,25.0,2.0,0.0,True
Jönköpings Södra,A. Karlsson,74.0,65.0,3.0,9.899494936611665,True
Jönköpings Södra,D. Kozica,89.0,57.0,6.0,30.265491900843113,True
Jönköpings Södra,A. Kiwarkis,99.0,22.0,1.0,78.00640999302557,True
Jönköpings Södra,J. Drott,15.0,62.0,1.0,0.0,False
Jönköpings Södra,C. Hellström,79.0,69.0,2.0,0.0,True
Jönköpings Södra,A. Bark,93.0,75.0,7.0,0.0,True
Jönköpings Södra,J. Shamoun,94.0,84.0,7.0,0.0,True
Jönköpings Södra,L. Eek,31.0,41.0,5.0,0.0,False
Jönköpings Södra,L. Eek,84.0,94.0,3.0,17.08800749063506,True
Jönköpings Södra,O. Almström,30.0,17.0,8.0,41.6293165929973,False
Jönköpings Södra,D. Kozica,63.0,94.0,2.0,0.0,True
Jönköpings Södra,A. Eriksson,37.0,61.0,8.0,27.459060435491963,False
Jönköpings Södra,D. Kozica,88.0,27.0,2.0,17.0,True
Jönköpings Södra,A. Kiwarkis,62.0,24.0,8.0,38.58756276314948,True
Jönköpings Södra,A. Eriksson,71.0,82.0,1.0,0.0,True
Jönköpings Södra,A. Eriksson,79.0,38.0,6.0,0.0,True
Jönköpings Södra,O. Almström,68.0,13.0,1.0,0.0,True
Jönköpings Södra,D. Kozica,68.0,5.0,0.0,6.4031242374328485,True
Jönköpings Södra,J. Drott,55.0,15.0,1.0,0.0,True
Jönköpings Södra,K. Grauberg Lepik,73.0,57.0,1.0,16.1245154965971,True
Jönköpings Södra,A. Kiwarkis,90.0,25.0,5.0,7.0,True
Jönköpings Södra,A. Bark,94.0,92.0,4.0,0.0,True
Jönköpings Södra,A. Karlsson,55.0,14.0,6.0,9.486832980505138,True
Jönköpings Södra,A. Kiwarkis,81.0,21.0,3.0,0.0,True
Jönköpings Södra,J. Shamoun,94.0,81.0,1.0,19.924858845171276,True
Jönköpings Södra,J. Shamoun,56.0,91.0,1.0,0.0,True
Jönköpings Södra,H. Lyck,25.0,10.0,7.0,25.632011235952593,False
Jönköpings Södra,H. Lyck,43.0,80.0,8.0,14.560219778561036,False
Jönköpings Södra,D. Kozica,94.0,32.0,2.0,8.06225774829855,True
Jönköpings Södra,F. Benatallah,97.0,79.0,1.0,3.1622776601683795,True
Jönköpings Södra,A. Bark,82.0,49.0,1.0,0.0,True
Jönköpings Södra,L. Lyck,26.0,17.0,0.0,0.0,False
Jönköpings Södra,A. Bark,80.0,11.0,7.0,5.385164807134504,True
Jönköpings Södra,J. Shamoun,94.0,53.0,1.0,12.529964086141668,True
Jönköpings Södra,A. Karlsson,62.0,81.0,2.0,0.0,True
Jönköpings Södra,A. Eriksson,63.0,39.0,1.0,0.0,True
Jönköpings Södra,A. Eriksson,68.0,81.0,1.0,0.0,True
Jönköpings Södra,D. Kozica,93.0,54.0,1.0,0.0,True
Jönköpings Södra,A. Karlsson,69.0,87.0,4.0,15.264337522473747,True
Jönköpings Södra,K. Galabri,21.0,18.0,7.0,8.06225774829855,False
Jönköpings Södra,A. Kiwarkis,41.0,74.0,3.0,0.0,False
Jönköpings Södra,J. Drott,75.0,37.0,3.0,0.0,True
Jönköpings Södra,D. Kozica,36.0,79.0,1.0,0.0,False
Jönköpings Södra,J. Shamoun,66.0,67.0,3.0,0.0,True
Jönköpings Södra,A. Kiwarkis,78.0,28.0,2.0,0.0,True
Jönköpings Södra,A. Bark,21.0,90.0,0.0,0.0,False
Jönköpings Södra,A. Eriksson,28.0,36.0,4.0,0.0,False
Jönköpings Södra,J. Shamoun,96.0,69.0,1.0,5.0990195135927845,True
Rosengård,B. Llana,34.0,23.0,0.0,2.23606797749979,False
Rosengård,J. Voelkerling Persson,87.0,77.0,2.0,17.029386365926403,True
Rosengård,M. Ritari,73.0,85.0,0.0,0.0,True
Rosengård,R. Bonde,18.0,8.0,1.0,0.0,False
Rosengård,E. Onotu,86.0,59.0,1.0,0.0,True
Rosengård,M. Ritari,28.0,81.0,4.0,0.0,False
Rosengård,A. Nilsson,47.0,47.0,4.0,0.0,False
Rosengård,M. Andersson,70.0,58.0,3.0,0.0,True
Rosengård,M. Andersson,93.0,52.0,1.0,0.0,True
Rosengård,E. Onotu,96.0,49.0,1.0,0.0,True
Rosengård,M. Andersson,78.0,73.0,5.0,0.0,True
Rosengård,E. Igbonekwu,61.0,72.0,3.0,0.0,True
Rosengård,J. Voelkerling Persson,43.0,22.0,2.0,0.0,False
Rosengård,E. Persson,67.0,31.0,1.0,0.0,True
Rosengård,J. Voelkerling Persson,68.0,71.0,1.0,0.0,True
Rosengård,J. Lynard,63.0,83.0,4.0,0.0,True
Rosengård,G. Backaliden,51.0,44.0,5.0,30.479501308256342,True
Rosengård,M. Andersson,69.0,83.0,2.0,0.0,True
Rosengård,A. Dumbuya,43.0,44.0,8.0,19.235384061671343,False
Rosengård,L. Carlius,94.0,51.0,2.0,0.0,True
Rosengård,J. Lynard,77.0,76.0,1.0,0.0,True
Rosengård,R. Bonde,90.0,44.0,1.0,0.0,True
Rosengård,K. Larsson,45.0,46.0,3.0,0.0,False
Rosengård,M. Andersson,96.0,66.0,3.0,0.0,True
Rosengård,R. Bonde,90.0,28.0,3.0,0.0,True
Rosengård,J. Lynard,75.0,61.0,1.0,0.0,True
Rosengård,M. Andersson,30.0,94.0,0.0,0.0,False
Rosengård,A. Nilsson,48.0,64.0,4.0,0.0,False
Rosengård,E. Onotu,26.0,45.0,2.0,0.0,False
Rosengård,M. Ritari,42.0,28.0,1.0,0.0,False
Rosengård,M. Ritari,44.0,11.0,6.0,17.0,False
Rosengård,E. Igbonekwu,91.0,42.0,2.0,0.0,True
Rosengård,M. Andersson,44.0,93.0,8.0,18.110770276274835,False
Rosengård,A. Malaj,28.0,88.0,2.0,0.0,False
Rosengård,R. Bonde,85.0,24.0,3.0,16.278820596099706,True
Rosengård,K. Larsson,69.0,26.0,6.0,0.0,True
Rosengård,J. Lynard,59.0,19.0,8.0,24.08318915758459,True
Rosengård,K. Larsson,90.0,45.0,4.0,0.0,True
Rosengård,O. Hakansson,73.0,78.0,1.0,3.0,True
Rosengård,W. Lindberg,66.0,96.0,1.0,0.0,True
Rosengård,A. Malaj,82.0,85.0,2.0,0.0,True
Rosengård,E. Igbonekwu,64.0,69.0,1.0,0.0,True
Rosengård,E. Igbonekwu,93.0,60.0,6.0,7.280109889280518,True
Rosengård,E. Persson,55.0,28.0,4.0,0.0,True
Rosengård,O. Hakansson,27.0,44.0,0.0,0.0,False
Rosengård,R. Bonde,42.0,11.0,2.0,0.0,False
Rosengård,R. Bonde,95.0,18.0,2.0,8.246211251235321,True
Rosengård,M. Ritari,68.0,9.0,2.0,0.0,True
Rosengård,J. Voelkerling Persson,91.0,50.0,6.0,0.0,True
Rosengård,E. Onotu,93.0,47.0,0.0,0.0,True
Rosengård,B. Llana,85.0,14.0,4.0,0.0,True
Rosengård,J. Lynard,92.0,73.0,7.0,0.0,True
Rosengård,M. Ritari,70.0,33.0,1.0,0.0,True
Rosengård,M. Ritari,83.0,37.0,8.0,19.026297590440446,True
Rosengård,J. Lynard,87.0,52.0,8.0,9.486832980505138,True
Rosengård,E. Onotu,75.0,11.0,7.0,36.24913792078372,True
Rosengård,M. Andersson,63.0,92.0,0.0,0.0,True
Rosengård,J. Voelkerling Persson,92.0,43.0,2.0,7.0710678118654755,True
Rosengård,E. Onotu,95.0,32.0,1.0,68.18357573492314,True
Rosengård,J. Voelkerling Persson,92.0,20.0,0.0,21.213203435596427,True
Rosengård,A. Löfqvist,87.0,85.0,6.0,17.08800749063506,True
Rosengård,E. Onotu,43.0,39.0,2.0,0.0,False
Rosengård,E. Onotu,92.0,29.0,1.0,6.4031242374328485,True
Rosengård,E. Onotu,87.0,16.0,7.0,23.194827009486403,True
Rosengård,E. Onotu,87.0,16.0,1.0,0.0,True
Rosengård,A. Nilsson,72.0,93.0,8.0,10.44030650891055,True
Rosengård,B. Llana,77.0,9.0,2.0,0.0,True
Rosengård,E. Onotu,76.0,51.0,5.0,17.11724276862369,True
Rosengård,O. Hakansson,57.0,63.0,0.0,21.18962010041709,True
Rosengård,G. Backaliden,81.0,21.0,2.0,0.0,True
Rosengård,R. Bonde,75.0,49.0,4.0,11.40175425099138,True
Rosengård,A. Malaj,87.0,49.0,1.0,0.0,True
Rosengård,M. Ritari,76.0,38.0,2.0,0.0,True
Rosengård,M. Andersson,32.0,35.0,3.0,0.0,False
Rosengård,E. Igbonekwu,98.0,49.0,8.0,27.202941017470888,True
Rosengård,E. Onotu,97.0,43.0,1.0,0.0,True
Rosengård,K. Larsson,34.0,46.0,2.0,0.0,False
Rosengård,M. Andersson,52.0,61.0,2.0,0.0,True
Rosengård,K. Larsson,48.0,20.0,2.0,0.0,False
Rosengård,J. Lynard,71.0,88.0,2.0,0.0,True
Rosengård,E. Onotu,96.0,56.0,2.0,0.0,True
Rosengård,O. Hakansson,72.0,69.0,1.0,0.0,True
Rosengård,E. Persson,44.0,74.0,3.0,0.0,False
Rosengård,L. Carlius,93.0,42.0,4.0,11.180339887498949,True
Rosengård,I. Ljajic,32.0,32.0,1.0,0.0,False
Rosengård,R. Bonde,34.0,14.0,1.0,0.0,False
Rosengård,E. Onotu,84.0,8.0,1.0,0.0,True
Rosengård,A. Malaj,71.0,81.0,1.0,0.0,True
Rosengård,J. Voelkerling Persson,91.0,46.0,2.0,0.0,True
Rosengård,J. Lynard,57.0,30.0,1.0,0.0,True
Rosengård,J. Lynard,42.0,77.0,4.0,14.560219778561036,False
Rosengård,G. Backaliden,60.0,73.0,1.0,0.0,True
Rosengård,G. Backaliden,8.0,45.0,3.0,0.0,False
Rosengård,O. Hakansson,73.0,18.0,5.0,0.0,True
Rosengård,M. Andersson,78.0,92.0,1.0,0.0,True
Rosengård,J. Lynard,30.0,50.0,4.0,0.0,False
Rosengård,M. Andersson,71.0,92.0,1.0,0.0,True
Rosengård,J. Lynard,33.0,13.0,1.0,0.0,False
Rosengård,O. Hakansson,27.0,68.0,7.0,13.038404810405298,False
Rosengård,E. Onotu,87.0,48.0,2.0,0.0,True
Rosengård,A. Malaj,72.0,7.0,8.0,11.180339887498949,True
Rosengård,I. Ljajic,74.0,12.0,1.0,0.0,True
Rosengård,W. Lindberg,47.0,81.0,2.0,0.0,False
Rosengård,R. Bonde,79.0,14.0,1.0,0.0,True
Rosengård,J. Lynard,36.0,54.0,8.0,32.01562118716424,False
Rosengård,J. Lynard,96.0,51.0,2.0,0.0,True
Rosengård,O. Hakansson,44.0,82.0,1.0,0.0,False
Rosengård,M. Andersson,90.0,47.0,7.0,0.0,True
Rosengård,R. Bonde,4.0,17.0,1.0,0.0,False
Rosengård,L. Carlius,87.0,70.0,3.0,7.0710678118654755,True
Rosengård,L. Carlius,77.0,90.0,1.0,0.0,True
Rosengård,R. Bonde,60.0,24.0,3.0,0.0,True
Rosengård,K. Larsson,72.0,69.0,1.0,0.0,True
Rosengård,K. Larsson,20.0,74.0,0.0,0.0,False
Rosengård,M. Andersson,87.0,83.0,0.0,21.400934559032695,True
Rosengård,A. Nilsson,80.0,52.0,7.0,15.556349186104045,True
Rosengård,K. Larsson,73.0,51.0,1.0,0.0,True
Rosengård,K. Larsson,72.0,71.0,2.0,0.0,True
Rosengård,M. Ritari,82.0,48.0,6.0,39.20459156782532,True
Rosengård,B. Llana,36.0,13.0,2.0,0.0,False
Rosengård,E. Persson,71.0,49.0,4.0,0.0,True
Rosengård,J. Voelkerling Persson,96.0,57.0,0.0,0.0,True
Rosengård,K. Larsson,86.0,46.0,3.0,0.0,True
Rosengård,M. Andersson,87.0,85.0,1.0,0.0,True
Rosengård,E. Onotu,45.0,20.0,2.0,0.0,False
Rosengård,L. Carlius,88.0,54.0,1.0,0.0,True
Rosengård,J. Lynard,77.0,79.0,4.0,0.0,True
Rosengård,J. Lynard,76.0,87.0,1.0,0.0,True
Rosengård,M. Andersson,79.0,49.0,3.0,0.0,True
Rosengård,O. Hakansson,72.0,81.0,1.0,0.0,True
Rosengård,J. Voelkerling Persson,94.0,74.0,1.0,26.68332812825267,True
Rosengård,E. Igbonekwu,74.0,93.0,3.0,0.0,True
Rosengård,O. Hakansson,68.0,73.0,3.0,10.44030650891055,True
Rosengård,E. Onotu,4.0,5.0,0.0,0.0,False
Rosengård,M. Ritari,86.0,50.0,0.0,0.0,True
Rosengård,K. Larsson,43.0,74.0,2.0,0.0,False
Rosengård,I. Ljajic,29.0,16.0,0.0,0.0,False
Rosengård,A. Malaj,76.0,13.0,4.0,0.0,True
Rosengård,O. Hakansson,80.0,78.0,2.0,0.0,True
Rosengård,R. Bonde,44.0,22.0,4.0,0.0,False
Rosengård,E. Igbonekwu,71.0,39.0,2.0,0.0,True
Rosengård,A. Nilsson,61.0,37.0,4.0,0.0,True
Rosengård,W. Lindberg,90.0,47.0,4.0,0.0,True
Rosengård,K. Larsson,29.0,93.0,8.0,42.04759208325728,False
Rosengård,I. Ljajic,41.0,33.0,2.0,0.0,False
Rosengård,A. Malaj,62.0,65.0,5.0,7.615773105863909,True
Rosengård,J. Voelkerling Persson,63.0,62.0,2.0,0.0,True
Rosengård,M. Andersson,86.0,64.0,0.0,0.0,True
Rosengård,K. Larsson,75.0,88.0,1.0,0.0,True
Rosengård,E. Igbonekwu,37.0,85.0,1.0,0.0,False
Rosengård,E. Onotu,74.0,27.0,3.0,0.0,True
Rosengård,A. Malaj,62.0,75.0,1.0,0.0,True
Rosengård,B. Llana,60.0,34.0,4.0,0.0,True
Rosengård,E. Onotu,98.0,31.0,1.0,69.02897942168927,True
Rosengård,A. Malaj,91.0,32.0,6.0,8.48528137423857,True
Rosengård,B. Llana,26.0,47.0,3.0,0.0,False
Rosengård,J. Voelkerling Persson,87.0,50.0,1.0,0.0,True
Rosengård,A. Malaj,69.0,18.0,4.0,0.0,True
Rosengård,J. Lynard,37.0,91.0,1.0,0.0,False
Rosengård,K. Larsson,73.0,74.0,4.0,0.0,True
Rosengård,J. Lynard,39.0,85.0,1.0,0.0,False
Rosengård,J. Voelkerling Persson,70.0,48.0,2.0,0.0,True
Rosengård,J. Lynard,66.0,86.0,0.0,0.0,True
Rosengård,E. Persson,31.0,53.0,1.0,0.0,False
Rosengård,W. Lindberg,72.0,95.0,8.0,11.40175425099138,True
Rosengård,J. Voelkerling Persson,94.0,72.0,1.0,5.385164807134504,True
Rosengård,A. Löfqvist,95.0,45.0,0.0,0.0,True
Rosengård,R. Bonde,44.0,31.0,4.0,0.0,False
Rosengård,M. Ritari,66.0,15.0,5.0,16.278820596099706,True
Rosengård,O. Hakansson,30.0,48.0,2.0,0.0,False
Rosengård,R. Bonde,77.0,48.0,1.0,0.0,True
Rosengård,M. Ritari,35.0,31.0,1.0,0.0,False
Rosengård,A. Malaj,31.0,57.0,2.0,11.180339887498949,False
Rosengård,E. Onotu,88.0,31.0,0.0,70.03570517957252,True
Rosengård,A. Malaj,25.0,60.0,3.0,18.027756377319946,False
Rosengård,L. Carlius,74.0,56.0,1.0,0.0,True
Rosengård,A. Nilsson,64.0,88.0,3.0,0.0,True
Rosengård,E. Igbonekwu,22.0,87.0,5.0,8.06225774829855,False
Rosengård,O. Hakansson,31.0,56.0,3.0,0.0,False
Rosengård,M. Andersson,96.0,54.0,1.0,0.0,True
Rosengård,M. Ritari,78.0,16.0,2.0,0.0,True
Rosengård,E. Persson,70.0,42.0,4.0,0.0,True
Rosengård,B. Llana,29.0,68.0,1.0,0.0,False
Rosengård,M. Andersson,56.0,67.0,2.0,0.0,True
Rosengård,M. Ritari,48.0,54.0,2.0,0.0,False
Rosengård,B. Llana,75.0,29.0,3.0,0.0,True
Rosengård,L. Carlius,69.0,32.0,3.0,0.0,True
Rosengård,B. Llana,96.0,50.0,1.0,12.041594578792296,True
Rosengård,B. Llana,9.0,16.0,0.0,0.0,False
Rosengård,O. Hakansson,32.0,91.0,3.0,0.0,False
Rosengård,A. Malaj,78.0,60.0,5.0,0.0,True
