id,matchId,matchPeriod,minute,second,matchTimestamp,videoTimestamp,relatedEventId,shot,groundDuel,aerialDuel,infraction,carry,type.primary,type.secondary,location.x,location.y,team.id,team.name,team.formation,opponentTeam.id,opponentTeam.name,opponentTeam.formation,player.id,player.name,player.position,pass.accurate,pass.angle,pass.height,pass.length,pass.recipient.id,pass.recipient.name,pass.recipient.position,pass.endLocation.x,pass.endLocation.y,possession.id,possession.duration,possession.types,possession.eventsNumber,possession.eventIndex,possession.startLocation.x,possession.startLocation.y,possession.endLocation.x,possession.endLocation.y,possession.team.id,possession.team.name,possession.team.formation,possession.attack,pass,possession.attack.withShot,possession.attack.withShotOnGoal,possession.attack.withGoal,possession.attack.flank,possession.attack.xg,groundDuel.opponent.id,groundDuel.opponent.name,groundDuel.opponent.position,groundDuel.duelType,groundDuel.keptPossession,groundDuel.progressedWithBall,groundDuel.stoppedProgress,groundDuel.recoveredPossession,groundDuel.takeOn,groundDuel.side,groundDuel.relatedDuelId,infraction.yellowCard,infraction.redCard,infraction.type,infraction.opponent.id,infraction.opponent.name,infraction.opponent.position,aerialDuel.opponent.id,aerialDuel.opponent.name,aerialDuel.opponent.position,aerialDuel.opponent.height,aerialDuel.firstTouch,aerialDuel.height,aerialDuel.relatedDuelId,possession,carry.progression,carry.endLocation.x,carry.endLocation.y,shot.bodyPart,shot.isGoal,shot.onTarget,shot.goalZone,shot.xg,shot.postShotXg,shot.goalkeeperActionId,shot.goalkeeper,shot.goalkeeper.id,shot.goalkeeper.name,infraction.opponent,location,start_x,start_y,end_x,end_y,side,event_time_seconds,tag_shot_assist,tag_assist,tag_loss,delivery_zone,possession_shot,possession_goal,possession_shot_count,possession_goal_count,possession_header_shot_count,possession_header_goal_count,possession_xg,first_shot_xg,first_shooter_name,first_shooter_id
3201591789,5819343,1H,1,46,00:01:46.506,107.506354,3201593816.0,,,,,,corner,[],100.0,0.0,6786,Rosengård,4-4-2,6849,Jönköpings Södra,5-3-2,1191227,H. Aroko,RW,True,122.0,high,22.0,0.0,,,89.0,28.0,3201591789.0,20.7162065,"['corner', 'set_piece_attack', 'attack']",9.0,0.0,100.0,0.0,71.0,93.0,6786.0,Rosengård,4-4-2,,,False,False,False,center,0.0,,,,,,,,,,,,,,,,,,,,,,,,,,,,,,,,,,,,,,,,,100.0,0.0,89.0,28.0,left,106,False,False,False,edge_recycle_zone,False,False,0,0,0,0,0.0,0.0,,
3201591982,5819343,1H,15,17,00:15:17.406,918.406047,3201591986.0,,,,,,corner,[],100.0,100.0,6786,Rosengård,4-4-2,6849,Jönköpings Södra,5-3-2,333740,A. Malaj,SS,True,-98.0,high,45.0,748626.0,G. Ankamafio,LCB,94.0,35.0,3201591982.0,2.228638,"['corner', 'set_piece_attack', 'attack']",3.0,0.0,100.0,100.0,94.0,35.0,6786.0,Rosengård,4-4-2,,,False,False,False,center,0.0,,,,,,,,,,,,,,,,,,,,,,,,,,,,,,,,,,,,,,,,,100.0,100.0,94.0,35.0,right,917,False,False,False,front_post,False,False,0,0,0,0,0.0,0.0,,
3201592005,5819343,1H,16,56,00:16:56.512,1017.512516,3201592150.0,,,,,,corner,[],100.0,100.0,6786,Rosengård,4-4-2,6849,Jönköpings Södra,5-3-2,333740,A. Malaj,SS,False,-102.0,high,38.0,812471.0,A. Eriksson,RB5,92.0,45.0,3201592005.0,0.8810735,"['corner', 'set_piece_attack']",1.0,0.0,100.0,100.0,92.0,45.0,6786.0,Rosengård,4-4-2,,,,,,,,,,,,,,,,,,,,,,,,,,,,,,,,,,,,,,,,,,,,,,,,100.0,100.0,92.0,45.0,right,1016,False,False,False,penalty_spot_zone,False,False,0,0,0,0,0.0,0.0,,
3201592863,5819343,2H,67,35,01:07:35.271,4069.271454,3201593244.0,,,,,,corner,[],100.0,100.0,6786,Rosengård,4-4-2,6849,Jönköpings Södra,5-3-2,904575,M. Ritari,SS,False,-113.0,high,30.0,613701.0,H. Lyck,RCB3,89.0,59.0,3201592863.0,20.096773,"['corner', 'set_piece_attack', 'attack']",9.0,0.0,100.0,100.0,80.0,0.0,6786.0,Rosengård,4-4-2,,,False,False,False,left,0.0,,,,,,,,,,,,,,,,,,,,,,,,,,,,,,,,,,,,,,,,,100.0,100.0,89.0,59.0,right,4055,False,False,False,penalty_spot_zone,False,False,0,0,0,0,0.0,0.0,,
3183070990,5819327,1H,8,26,00:08:26.550,507.550605,3183070991.0,,,,,,corner,[],100.0,0.0,6925,Laholms FK,4-4-2,6849,Jönköpings Södra,4-2-3-1,1315751,S. Svensson,RW,True,94.0,high,29.0,939467.0,M. Andersson,SS,98.0,43.0,3183070990.0,7.8610195,"['corner', 'set_piece_attack', 'attack']",6.0,0.0,100.0,0.0,90.0,60.0,6925.0,Laholms FK,4-4-2,,,False,False,False,left,0.0,,,,,,,,,,,,,,,,,,,,,,,,,,,,,,,,,,,,,,,,,100.0,0.0,98.0,43.0,left,506,False,False,False,six_yard_central,False,False,0,0,0,0,0.0,0.0,,
3183071196,5819327,1H,25,35,00:25:35.993,1536.993887,3183070956.0,,,,,,corner,[],100.0,0.0,6925,Laholms FK,4-4-2,6849,Jönköpings Södra,4-2-3-1,1315751,S. Svensson,RW,False,98.0,high,36.0,899727.0,A. Eriksson,GK,95.0,53.0,3183071196.0,3.387158,"['corner', 'set_piece_attack']",3.0,0.0,100.0,0.0,79.0,100.0,6925.0,Laholms FK,4-4-2,,,,,,,,,,,,,,,,,,,,,,,,,,,,,,,,,,,,,,,,,,,,,,,,100.0,0.0,95.0,53.0,left,1535,False,False,False,six_yard_central,False,False,0,0,0,0,0.0,0.0,,
3183072137,5819327,2H,89,8,01:29:08.051,5450.051427,3183072141.0,,,,,,corner,['loss'],100.0,0.0,6925,Laholms FK,4-4-2,6849,Jönköpings Södra,4-2-3-1,1315751,S. Svensson,RW,True,98.0,high,30.0,939469.0,O. Johansson,RCB,96.0,43.0,3183072137.0,6.3407905,"['corner', 'set_piece_attack', 'attack']",10.0,0.0,100.0,0.0,75.0,37.0,6925.0,Laholms FK,4-4-2,,,True,False,False,center,0.0018,,,,,,,,,,,,,,,,,,,,,,,,,,,,,,,,,,,,,,,,,100.0,0.0,96.0,43.0,left,5348,False,False,True,six_yard_central,True,False,1,0,0,0,0.0018,0.0018,N. Hedström,1315748.0
3181122342,5819314,1H,5,36,00:05:36.752,337.752065,3181124330.0,,,,,,corner,[],100.0,100.0,7014,Olympic,4-3-3,6849,Jönköpings Södra,4-2-3-1,582329,A. Sundgren,LB,True,-107.0,low,32.0,0.0,,,90.0,51.0,3181122342.0,10.823596,"['corner', 'set_piece_attack', 'attack']",9.0,0.0,100.0,100.0,55.0,100.0,7014.0,Olympic,4-3-3,,,False,False,False,right,0.0,,,,,,,,,,,,,,,,,,,,,,,,,,,,,,,,,,,,,,,,,100.0,100.0,90.0,51.0,right,336,False,False,False,penalty_spot_zone,False,False,0,0,0,0,0.0,0.0,,
3181122406,5819314,1H,9,2,00:09:02.090,543.090726,3181122474.0,,,,,,corner,[],100.0,100.0,7014,Olympic,4-3-3,6849,Jönköpings Södra,4-2-3-1,582329,A. Sundgren,LB,False,-109.0,high,48.0,1060409.0,L. Lyck,CF,85.0,33.0,3181122406.0,1.256205,"['corner', 'set_piece_attack']",1.0,0.0,100.0,100.0,85.0,33.0,7014.0,Olympic,4-3-3,,,,,,,,,,,,,,,,,,,,,,,,,,,,,,,,,,,,,,,,,,,,,,,,100.0,100.0,85.0,33.0,right,542,False,False,False,penalty_spot_zone,False,False,0,0,0,0,0.0,0.0,,
3181122660,5819314,1H,24,21,00:24:21.657,1462.657838,3181122661.0,,,,,,corner,['shot_assist'],100.0,100.0,7014,Olympic,4-3-3,6849,Jönköpings Södra,4-2-3-1,582329,A. Sundgren,LB,True,-108.0,high,49.0,338960.0,M. Moro,RWF,86.0,32.0,3181122660.0,3.369616,"['corner', 'set_piece_attack', 'attack']",5.0,0.0,100.0,100.0,73.0,36.0,7014.0,Olympic,4-3-3,,,True,False,False,center,0.0023,,,,,,,,,,,,,,,,,,,,,,,,,,,,,,,,,,,,,,,,,100.0,100.0,86.0,32.0,right,1461,True,False,False,penalty_spot_zone,True,False,1,0,0,0,0.0023,0.0023,A. Robert,818635.0
3181122740,5819314,1H,30,54,00:30:54.443,1855.443565,3181122743.0,,,,,,corner,[],100.0,0.0,7014,Olympic,4-3-3,6849,Jönköpings Södra,4-2-3-1,582329,A. Sundgren,LB,True,157.0,low,25.0,821583.0,O. Khattab,LWF,78.0,14.0,3181122740.0,15.714428,"['corner', 'set_piece_attack', 'attack']",16.0,0.0,100.0,0.0,67.0,65.0,7014.0,Olympic,4-3-3,,,False,False,False,left,0.0,,,,,,,,,,,,,,,,,,,,,,,,,,,,,,,,,,,,,,,,,100.0,0.0,78.0,14.0,left,1854,False,False,False,edge_recycle_zone,False,False,0,0,0,0,0.0,0.0,,
3181122758,5819314,1H,32,30,00:32:30.892,1951.892166,3181122760.0,,,,,,corner,[],100.0,0.0,7014,Olympic,4-3-3,6849,Jönköpings Södra,4-2-3-1,582329,A. Sundgren,LB,True,98.0,high,28.0,1182760.0,L. Bjorninger,CF,96.0,40.0,3181122758.0,10.8965795,"['corner', 'set_piece_attack', 'attack']",9.0,0.0,100.0,0.0,92.0,31.0,7014.0,Olympic,4-3-3,,,False,False,False,left,0.0,,,,,,,,,,,,,,,,,,,,,,,,,,,,,,,,,,,,,,,,,100.0,0.0,96.0,40.0,left,1950,False,False,False,six_yard_central,False,False,0,0,0,0,0.0,0.0,,
3181123190,5819314,2H,55,49,00:55:49.762,3536.762864,3181123194.0,,,,,,corner,['shot_assist'],100.0,100.0,7014,Olympic,4-3-3,6849,Jönköpings Södra,4-2-3-1,582329,A. Sundgren,LB,True,-107.0,high,28.0,226323.0,E. Andersson,RCB,92.0,61.0,3181123190.0,1.158874,"['corner', 'set_piece_attack', 'attack']",4.0,0.0,100.0,100.0,92.0,62.0,7014.0,Olympic,4-3-3,,,True,False,False,right,0.0559,,,,,,,,,,,,,,,,,,,,,,,,,,,,,,,,,,,,,,,,,100.0,100.0,92.0,61.0,right,3349,True,False,False,penalty_spot_zone,True,False,1,0,1,0,0.0559,0.0559,E. Andersson,226323.0
3181123696,5819314,2H,82,48,01:22:48.317,5155.317842,3181123698.0,,,,,,corner,[],100.0,100.0,7014,Olympic,4-3-3,6849,Jönköpings Södra,4-2-3-1,582329,A. Sundgren,LB,True,-117.0,low,26.0,818635.0,A. Robert,LCMF3,89.0,65.0,3181123696.0,2.073927,"['corner', 'set_piece_attack', 'attack']",3.0,0.0,100.0,100.0,91.0,53.0,7014.0,Olympic,4-3-3,,,True,True,False,right,0.242,,,,,,,,,,,,,,,,,,,,,,,,,,,,,,,,,,,,,,,,,100.0,100.0,89.0,65.0,right,4968,False,False,False,penalty_spot_zone,True,False,1,0,0,0,0.242,0.242,F. Dovi,1183492.0
3181123703,5819314,2H,83,11,01:23:11.481,5178.481895,3181123706.0,,,,,,corner,[],100.0,100.0,7014,Olympic,4-3-3,6849,Jönköpings Södra,4-2-3-1,582329,A. Sundgren,LB,True,-112.0,high,27.0,769546.0,M. Pavlak,RWF,90.0,63.0,3181123703.0,0.3889815,"['corner', 'set_piece_attack', 'attack']",2.0,0.0,100.0,100.0,90.0,63.0,7014.0,Olympic,4-3-3,,,False,False,False,right,0.0,,,,,,,,,,,,,,,,,,,,,,,,,,,,,,,,,,,,,,,,,100.0,100.0,90.0,63.0,right,4991,False,False,False,penalty_spot_zone,False,False,0,0,0,0,0.0,0.0,,
3156316663,5819297,1H,19,32,00:19:32.824,1173.824518,3156316687.0,,,,,,corner,['shot_assist'],100.0,0.0,6786,Rosengård,4-3-3,6849,Jönköpings Södra,4-2-3-1,1191227,H. Aroko,RCMF3,True,103.0,high,37.0,1316298.0,O. Hakansson,LCMF3,92.0,53.0,3156316663.0,0.591161,"['corner', 'set_piece_attack', 'attack']",2.0,0.0,100.0,0.0,92.0,53.0,6786.0,Rosengård,4-3-3,,,True,False,False,left,0.1277,,,,,,,,,,,,,,,,,,,,,,,,,,,,,,,,,,,,,,,,,100.0,0.0,92.0,53.0,left,1172,True,False,False,penalty_spot_zone,True,False,1,0,1,0,0.1277,0.1277,O. Hakansson,1316298.0
3156316777,5819297,1H,24,44,00:24:44.909,1485.909151,3156316781.0,,,,,,corner,[],100.0,100.0,6786,Rosengård,4-3-3,6849,Jönköpings Södra,4-2-3-1,638013,R. Bonde,LB,True,-100.0,high,30.0,517687.0,K. Larsson,RCB,95.0,57.0,3156316777.0,0.235246,"['corner', 'set_piece_attack', 'attack']",2.0,0.0,100.0,100.0,95.0,57.0,6786.0,Rosengård,4-3-3,,,False,False,False,right,0.0,,,,,,,,,,,,,,,,,,,,,,,,,,,,,,,,,,,,,,,,,100.0,100.0,95.0,57.0,right,1484,False,False,False,six_yard_central,False,False,0,0,0,0,0.0,0.0,,
3156316904,5819297,1H,33,5,00:33:05.024,1986.02414,3156316590.0,,,,,,corner,['loss'],100.0,0.0,6786,Rosengård,4-3-3,6849,Jönköpings Södra,4-2-3-1,1191227,H. Aroko,RCMF3,False,96.0,high,29.0,615319.0,A. Karlsson,LCB,97.0,42.0,3156316904.0,0.5795825,"['corner', 'set_piece_attack']",1.0,0.0,100.0,0.0,97.0,42.0,6786.0,Rosengård,4-3-3,,,,,,,,,,,,,,,,,,,,,,,,,,,,,,,,,,,,,,,,,,,,,,,,100.0,0.0,97.0,42.0,left,1985,False,False,True,six_yard_central,False,False,0,0,0,0,0.0,0.0,,
3156317541,5819297,2H,58,3,00:58:03.522,3612.522487,3156317549.0,,,,,,corner,[],100.0,0.0,6786,Rosengård,4-4-2,6849,Jönköpings Södra,4-2-3-1,1191227,H. Aroko,LW,True,98.0,high,36.0,904575.0,M. Ritari,SS,95.0,52.0,3156317541.0,0.5410365,"['corner', 'set_piece_attack', 'attack']",3.0,0.0,100.0,0.0,95.0,52.0,6786.0,Rosengård,4-4-2,,,False,False,False,left,0.0,,,,,,,,,,,,,,,,,,,,,,,,,,,,,,,,,,,,,,,,,100.0,0.0,95.0,52.0,left,3483,False,False,False,six_yard_central,False,False,0,0,0,0,0.0,0.0,,
3156317758,5819297,2H,80,0,01:20:00.409,4929.409917,3156317759.0,,,,,,corner,"['assist', 'shot_assist']",100.0,100.0,6786,Rosengård,4-4-2,6849,Jönköpings Södra,4-3-3,638013,R. Bonde,LB,True,-98.0,high,37.0,1316298.0,O. Hakansson,RCMF,95.0,46.0,3156317758.0,1.3755935,"['corner', 'set_piece_attack', 'attack']",2.0,0.0,100.0,100.0,95.0,46.0,6786.0,Rosengård,4-4-2,,,True,True,True,right,0.231,,,,,,,,,,,,,,,,,,,,,,,,,,,,,,,,,,,,,,,,,100.0,100.0,95.0,46.0,right,4800,True,True,False,six_yard_central,True,True,1,1,1,1,0.231,0.231,O. Hakansson,1316298.0
3156317810,5819297,2H,90,11,01:30:11.877,5540.8775,3156317573.0,,,,,,corner,['loss'],100.0,100.0,6786,Rosengård,4-4-2,6849,Jönköpings Södra,4-3-3,638013,R. Bonde,LB,False,-95.0,high,36.0,613701.0,H. Lyck,RCB,97.0,48.0,3156317810.0,12.8052955,"['corner', 'set_piece_attack', 'attack']",5.0,0.0,100.0,100.0,100.0,29.0,6786.0,Rosengård,4-4-2,,,False,False,False,center,0.0,,,,,,,,,,,,,,,,,,,,,,,,,,,,,,,,,,,,,,,,,100.0,100.0,97.0,48.0,right,5411,False,False,True,six_yard_central,False,False,0,0,0,0,0.0,0.0,,
3097200462,5819279,1H,19,42,00:19:42.722,1183.722336,3097199081.0,,,,,,corner,['loss'],100.0,100.0,71745,Ariana,4-2-3-1,6849,Jönköpings Södra,4-2-3-1,266678,P. Petrović,LAMF,True,-99.0,high,34.0,739360.0,A. Bjurnemark,LCB,95.0,51.0,3097200462.0,20.51892,"['corner', 'set_piece_attack', 'attack']",9.0,0.0,100.0,100.0,91.0,65.0,71745.0,Ariana,4-2-3-1,,,False,False,False,right,0.0,,,,,,,,,,,,,,,,,,,,,,,,,,,,,,,,,,,,,,,,,100.0,100.0,95.0,51.0,right,1182,False,False,True,six_yard_central,False,False,0,0,0,0,0.0,0.0,,
3097199989,5819279,2H,74,16,01:14:16.887,4792.887206,3097199990.0,,,,,,corner,[],100.0,100.0,71745,Ariana,4-2-3-1,6849,Jönköpings Södra,4-1-4-1,266678,P. Petrović,LAMF,True,-103.0,high,39.0,739449.0,L. Larsen,RCB,91.0,44.0,3097199989.0,0.924254,"['corner', 'set_piece_attack', 'attack']",3.0,0.0,100.0,100.0,91.0,44.0,71745.0,Ariana,4-2-3-1,,,False,False,False,right,0.0,,,,,,,,,,,,,,,,,,,,,,,,,,,,,,,,,,,,,,,,,100.0,100.0,91.0,44.0,right,4456,False,False,False,penalty_spot_zone,False,False,0,0,0,0,0.0,0.0,,
3097200053,5819279,2H,78,0,01:18:00.831,5016.831878,3097200054.0,,,,,,corner,[],100.0,0.0,71745,Ariana,4-2-3-1,6849,Jönköpings Södra,4-1-4-1,266678,P. Petrović,LAMF,True,144.0,low,26.0,53639.0,Brwa Nouri,LDMF,80.0,22.0,3097200053.0,6.9925475,"['corner', 'set_piece_attack', 'attack']",6.0,0.0,100.0,0.0,100.0,55.0,71745.0,Ariana,4-2-3-1,,,False,False,False,left,0.0,,,,,,,,,,,,,,,,,,,,,,,,,,,,,,,,,,,,,,,,,100.0,0.0,80.0,22.0,left,4680,False,False,False,edge_recycle_zone,False,False,0,0,0,0,0.0,0.0,,
3078029947,5819260,1H,8,16,00:08:16.941,497.941107,3078029950.0,,,,,,corner,[],100.0,0.0,6785,Lund,4-1-4-1,6849,Jönköpings Södra,4-2-3-1,776268,E. Lindman,LCMF,True,107.0,high,24.0,728198.0,A. Nygaard,CF,93.0,34.0,3078029947.0,8.734797,"['corner', 'set_piece_attack', 'attack']",7.0,0.0,100.0,0.0,86.0,13.0,6785.0,Lund,4-1-4-1,,,False,False,False,center,0.0,,,,,,,,,,,,,,,,,,,,,,,,,,,,,,,,,,,,,,,,,100.0,0.0,93.0,34.0,left,496,False,False,False,front_post,False,False,0,0,0,0,0.0,0.0,,
3078030022,5819260,1H,11,37,00:11:37.813,698.813356,3078030023.0,,,,,,corner,[],100.0,0.0,6785,Lund,4-1-4-1,6849,Jönköpings Södra,4-2-3-1,776268,E. Lindman,LCMF,True,150.0,low,13.0,739375.0,Alexander Nilsson,LW,89.0,10.0,3078030022.0,18.612173,"['corner', 'set_piece_attack', 'attack']",10.0,0.0,100.0,0.0,92.0,57.0,6785.0,Lund,4-1-4-1,,,False,False,False,right,0.0,,,,,,,,,,,,,,,,,,,,,,,,,,,,,,,,,,,,,,,,,100.0,0.0,89.0,10.0,left,697,False,False,False,edge_recycle_zone,False,False,0,0,0,0,0.0,0.0,,
3078030312,5819260,1H,30,28,00:30:28.782,1829.782493,3078031906.0,,,,,,corner,[],100.0,0.0,6785,Lund,4-1-4-1,6849,Jönköpings Södra,4-2-3-1,776268,E. Lindman,LCMF,True,97.0,high,34.0,0.0,,,96.0,49.0,3078030312.0,58.7875545,"['corner', 'set_piece_attack', 'attack']",20.0,0.0,100.0,0.0,100.0,70.0,6785.0,Lund,4-1-4-1,,,False,False,False,center,0.0,,,,,,,,,,,,,,,,,,,,,,,,,,,,,,,,,,,,,,,,,100.0,0.0,96.0,49.0,left,1828,False,False,False,six_yard_central,False,False,0,0,0,0,0.0,0.0,,
3078030996,5819260,2H,79,9,01:19:09.287,5000.287831,3078031025.0,,,,,,corner,[],100.0,100.0,6785,Lund,4-1-4-1,6849,Jönköpings Södra,4-2-3-1,776268,E. Lindman,LCMF,False,-100.0,high,30.0,812471.0,A. Eriksson,RDMF,95.0,57.0,3078030996.0,8.4013615,"['corner', 'set_piece_attack', 'attack']",7.0,0.0,100.0,100.0,84.0,65.0,6785.0,Lund,4-1-4-1,,,False,False,False,center,0.0,,,,,,,,,,,,,,,,,,,,,,,,,,,,,,,,,,,,,,,,,100.0,100.0,95.0,57.0,right,4749,False,False,False,six_yard_central,False,False,0,0,0,0,0.0,0.0,,
3078031095,5819260,2H,89,36,01:29:36.613,5627.613197,3078031181.0,,,,,,corner,[],100.0,100.0,6785,Lund,4-1-4-1,6849,Jönköpings Södra,4-2-3-1,776268,E. Lindman,LCMF,False,-100.0,high,30.0,812471.0,A. Eriksson,RDMF,95.0,57.0,3078031095.0,4.1122925,"['corner', 'set_piece_attack', 'attack']",4.0,0.0,100.0,100.0,74.0,26.0,6785.0,Lund,4-1-4-1,,,True,False,False,center,0.0015,,,,,,,,,,,,,,,,,,,,,,,,,,,,,,,,,,,,,,,,,100.0,100.0,95.0,57.0,right,5376,False,False,False,six_yard_central,True,False,1,0,0,0,0.0015,0.0015,G. Sågänger,739679.0
3073213394,5819246,1H,5,13,00:05:13.927,314.927858,3073213395.0,,,,,,corner,"['assist', 'shot_assist']",100.0,0.0,7018,Tvååker,4-4-2,6849,Jönköpings Södra,4-1-4-1,744749,F. Gustafsson,RB,True,110.0,high,29.0,660824.0,L. Ademi,LCMF,90.0,39.0,3073213394.0,0.724523,"['corner', 'set_piece_attack', 'attack']",2.0,0.0,100.0,0.0,90.0,39.0,7018.0,Tvååker,4-4-2,,,True,True,True,left,0.112,,,,,,,,,,,,,,,,,,,,,,,,,,,,,,,,,,,,,,,,,100.0,0.0,90.0,39.0,left,313,True,True,False,penalty_spot_zone,True,True,1,1,1,1,0.112,0.112,L. Ademi,660824.0
3073213556,5819246,1H,19,1,00:19:01.351,1142.351233,3073213558.0,,,,,,corner,['loss'],100.0,0.0,7018,Tvååker,4-4-2,6849,Jönköpings Södra,4-1-4-1,744749,F. Gustafsson,RB,True,104.0,high,38.0,1065582.0,A. Malmlöf Johansson,RW,91.0,54.0,3073213556.0,24.869186,"['corner', 'set_piece_attack', 'attack']",15.0,0.0,100.0,0.0,65.0,100.0,7018.0,Tvååker,4-4-2,,,False,False,False,right,0.0,,,,,,,,,,,,,,,,,,,,,,,,,,,,,,,,,,,,,,,,,100.0,0.0,91.0,54.0,left,1141,False,False,True,penalty_spot_zone,False,False,0,0,0,0,0.0,0.0,,
3073214008,5819246,2H,57,14,00:57:14.854,3691.854791,3073214009.0,,,,,,corner,[],100.0,100.0,7018,Tvååker,4-4-2,6849,Jönköpings Södra,4-1-4-1,738045,V. Karlsson,LB,True,-96.0,high,29.0,822768.0,T. Graudums,RCB,97.0,58.0,3073214008.0,7.000101,"['corner', 'set_piece_attack', 'attack']",6.0,0.0,100.0,100.0,58.0,91.0,7018.0,Tvååker,4-4-2,,,False,False,False,right,0.0,,,,,,,,,,,,,,,,,,,,,,,,,,,,,,,,,,,,,,,,,100.0,100.0,97.0,58.0,right,3434,False,False,False,six_yard_central,False,False,0,0,0,0,0.0,0.0,,
3057971877,5819228,1H,16,8,00:16:08.509,969.509695,3057971878.0,,,,,,corner,[],100.0,0.0,6777,Trollhättan,4-2-3-1,6849,Jönköpings Södra,4-1-4-1,581386,W. Jensen,RDMF,True,98.0,high,44.0,922442.0,H. Tilly,CF,94.0,64.0,3057971877.0,3.6155985,"['corner', 'set_piece_attack', 'attack']",3.0,0.0,100.0,0.0,87.0,39.0,6777.0,Trollhättan,4-2-3-1,,,False,False,False,center,0.0,,,,,,,,,,,,,,,,,,,,,,,,,,,,,,,,,,,,,,,,,100.0,0.0,94.0,64.0,left,968,False,False,False,back_post,False,False,0,0,0,0,0.0,0.0,,
3057971940,5819228,1H,19,10,00:19:10.278,1151.278401,3057971825.0,,,,,,corner,[],100.0,100.0,6777,Trollhättan,4-2-3-1,6849,Jönköpings Södra,4-1-4-1,616190,S. Bosnic,RAMF,False,-95.0,high,37.0,899727.0,A. Eriksson,GK,97.0,46.0,3057971940.0,5.9473095,"['corner', 'set_piece_attack']",2.0,0.0,100.0,100.0,85.0,38.0,6777.0,Trollhättan,4-2-3-1,,,,,,,,,,,,,,,,,,,,,,,,,,,,,,,,,,,,,,,,,,,,,,,,100.0,100.0,97.0,46.0,right,1150,False,False,False,six_yard_central,False,False,0,0,0,0,0.0,0.0,,
3057972083,5819228,1H,30,46,00:30:46.746,1847.746367,3057972090.0,,,,,,corner,[],100.0,100.0,6777,Trollhättan,4-2-3-1,6849,Jönköpings Södra,4-1-4-1,616190,S. Bosnic,RAMF,True,-108.0,high,42.0,828102.0,A. Gashi,RCB,88.0,41.0,3057972083.0,1.260792,"['corner', 'set_piece_attack', 'attack']",2.0,0.0,100.0,100.0,88.0,41.0,6777.0,Trollhättan,4-2-3-1,,,False,False,False,right,0.0,,,,,,,,,,,,,,,,,,,,,,,,,,,,,,,,,,,,,,,,,100.0,100.0,88.0,41.0,right,1846,False,False,False,penalty_spot_zone,False,False,0,0,0,0,0.0,0.0,,
3057972584,5819228,2H,60,12,01:00:12.897,3778.89723,3057972587.0,,,,,,corner,['shot_assist'],100.0,100.0,6777,Trollhättan,4-2-3-1,6849,Jönköpings Södra,4-1-4-1,616190,S. Bosnic,RAMF,True,-99.0,high,32.0,778346.0,F. Sterner,LB,95.0,54.0,3057972584.0,0.700078,"['corner', 'set_piece_attack', 'attack']",2.0,0.0,100.0,100.0,95.0,54.0,6777.0,Trollhättan,4-2-3-1,,,True,True,True,right,0.2202,,,,,,,,,,,,,,,,,,,,,,,,,,,,,,,,,,,,,,,,,100.0,100.0,95.0,54.0,right,3612,True,False,False,six_yard_central,True,True,1,1,1,1,0.2202,0.2202,F. Sterner,778346.0
3051277475,5819216,2H,47,33,00:47:33.802,3108.802931,3051276957.0,,,,,,corner,['loss'],100.0,0.0,6792,Skövde AIK,5-3-2,6849,Jönköpings Södra,4-1-4-1,1180689,A. Södeliden,RCMF3,False,95.0,high,35.0,899727.0,A. Eriksson,GK,97.0,51.0,3051277475.0,4.047204,"['corner', 'set_piece_attack']",2.0,0.0,100.0,0.0,84.0,53.0,6792.0,Skövde AIK,5-3-2,,,,,,,,,,,,,,,,,,,,,,,,,,,,,,,,,,,,,,,,,,,,,,,,100.0,0.0,97.0,51.0,left,2853,False,False,True,six_yard_central,False,False,0,0,0,0,0.0,0.0,,
3051276432,5819216,2H,49,6,00:49:06.657,3201.657167,3051277472.0,,,,,,corner,"['assist', 'shot_assist']",100.0,100.0,6792,Skövde AIK,5-3-2,6849,Jönköpings Södra,4-1-4-1,581909,L. Land,LCMF3,True,-97.0,high,32.0,899727.0,A. Eriksson,GK,96.0,54.0,3051276432.0,1.596446,"['corner', 'set_piece_attack', 'attack']",3.0,0.0,100.0,100.0,96.0,43.0,6792.0,Skövde AIK,5-3-2,,,True,True,True,right,0.2671,,,,,,,,,,,,,,,,,,,,,,,,,,,,,,,,,,,,,,,,,100.0,100.0,96.0,54.0,right,2946,True,True,False,six_yard_central,True,True,1,1,0,0,0.2671,0.2671,A. Basic,562112.0
3051276624,5819216,2H,67,43,01:07:43.076,4318.076522,3051277162.0,,,,,,corner,['loss'],100.0,100.0,6792,Skövde AIK,5-3-2,6849,Jönköpings Södra,4-1-4-1,581909,L. Land,LCMF3,False,-98.0,high,35.0,899727.0,A. Eriksson,GK,95.0,49.0,3051276624.0,5.581773,"['corner', 'set_piece_attack']",2.0,0.0,100.0,100.0,85.0,50.0,6792.0,Skövde AIK,5-3-2,,,,,,,,,,,,,,,,,,,,,,,,,,,,,,,,,,,,,,,,,,,,,,,,100.0,100.0,95.0,49.0,right,4063,False,False,True,six_yard_central,False,False,0,0,0,0,0.0,0.0,,
3030521212,5819202,1H,32,48,00:32:48.623,1969.623966,3030521347.0,,,,,,corner,[],100.0,100.0,6742,Ängelholm,4-4-2,6849,Jönköpings Södra,4-1-4-1,615572,E. Vedholm,LB,False,-97.0,high,34.0,613701.0,H. Lyck,RCB,96.0,50.0,3030521212.0,0.752779,"['corner', 'set_piece_attack']",1.0,0.0,100.0,100.0,96.0,50.0,6742.0,Ängelholm,4-4-2,,,,,,,,,,,,,,,,,,,,,,,,,,,,,,,,,,,,,,,,,,,,,,,,100.0,100.0,96.0,50.0,right,1968,False,False,False,six_yard_central,False,False,0,0,0,0,0.0,0.0,,
3030521603,5819202,2H,56,12,00:56:12.879,3515.879535,3030521606.0,,,,,,corner,[],100.0,0.0,6742,Ängelholm,4-4-2,6849,Jönköpings Södra,4-1-4-1,615572,E. Vedholm,LB,True,107.0,high,27.0,1226362.0,A. Touray,SS,92.0,38.0,3030521603.0,0.675526,"['corner', 'set_piece_attack', 'attack']",2.0,0.0,100.0,0.0,92.0,38.0,6742.0,Ängelholm,4-4-2,,,False,False,False,left,0.0,,,,,,,,,,,,,,,,,,,,,,,,,,,,,,,,,,,,,,,,,100.0,0.0,92.0,38.0,left,3372,False,False,False,penalty_spot_zone,False,False,0,0,0,0,0.0,0.0,,
3030522106,5819202,2H,84,57,01:24:57.683,5240.683419,3030522110.0,,,,,,corner,['shot_assist'],100.0,100.0,6742,Ängelholm,4-4-2,6849,Jönköpings Södra,5-4-1,615572,E. Vedholm,LB,True,-103.0,high,52.0,615563.0,A. Nilsson,LW,89.0,25.0,3030522106.0,1.853636,"['corner', 'set_piece_attack', 'attack']",2.0,0.0,100.0,100.0,89.0,25.0,6742.0,Ängelholm,4-4-2,,,True,False,False,right,0.0095,,,,,,,,,,,,,,,,,,,,,,,,,,,,,,,,,,,,,,,,,100.0,100.0,89.0,25.0,right,5097,True,False,False,edge_recycle_zone,True,False,1,0,1,0,0.0095,0.0095,A. Nilsson,615563.0
3025636020,5819179,1H,26,40,00:26:40.826,1601.826921,3025636092.0,,,,,,corner,[],100.0,0.0,24438,Hässleholms IF,4-4-2,6849,Jönköpings Södra,4-1-4-1,1181146,J. Tikkanen,LCMF,False,115.0,high,35.0,1060409.0,L. Lyck,CF,86.0,47.0,3025636020.0,7.486719,"['corner', 'set_piece_attack']",5.0,0.0,100.0,0.0,77.0,11.0,24438.0,Hässleholms IF,4-4-2,,,,,,,,,,,,,,,,,,,,,,,,,,,,,,,,,,,,,,,,,,,,,,,,100.0,0.0,86.0,47.0,left,1600,False,False,False,penalty_spot_zone,False,False,0,0,0,0,0.0,0.0,,
3025636762,5819179,2H,74,56,01:14:56.533,4656.533792,3025636763.0,,,,,,corner,['shot_assist'],100.0,0.0,24438,Hässleholms IF,4-4-2,6849,Jönköpings Södra,4-1-4-1,939543,L. Braun,RW,True,92.0,high,31.0,919813.0,T. Ekstrom,CF,99.0,46.0,3025636762.0,2.6001005,"['corner', 'set_piece_attack', 'attack']",5.0,0.0,100.0,0.0,74.0,46.0,24438.0,Hässleholms IF,4-4-2,,,True,False,False,center,0.0064,,,,,,,,,,,,,,,,,,,,,,,,,,,,,,,,,,,,,,,,,100.0,0.0,99.0,46.0,left,4496,True,False,False,six_yard_central,True,False,2,0,0,0,0.1102,0.0064,J. Persson Åhstedt,941340.0
3014362123,5819169,2H,50,4,00:50:04.276,3095.276747,3014362126.0,,,,,,corner,[],100.0,0.0,6715,Trelleborg,4-1-4-1,6849,Jönköpings Södra,4-4-2,615327,I. Ellbring,RCMF,True,102.0,high,40.0,53573.0,J. Modig,LCB,92.0,58.0,3014362123.0,2.854522,"['corner', 'set_piece_attack', 'attack']",5.0,0.0,100.0,0.0,91.0,57.0,6715.0,Trelleborg,4-1-4-1,,,False,False,False,center,0.0,,,,,,,,,,,,,,,,,,,,,,,,,,,,,,,,,,,,,,,,,100.0,0.0,92.0,58.0,left,3004,False,False,False,penalty_spot_zone,False,False,0,0,0,0,0.0,0.0,,
3014362208,5819169,2H,54,34,00:54:34.565,3365.565936,3014361777.0,,,,,,corner,[],100.0,0.0,6715,Trelleborg,4-1-4-1,6849,Jönköpings Södra,4-2-3-1,615327,I. Ellbring,RCMF,False,96.0,high,36.0,899727.0,A. Eriksson,GK,96.0,53.0,3014362208.0,10.582644,"['corner', 'set_piece_attack', 'attack']",5.0,0.0,100.0,0.0,98.0,58.0,6715.0,Trelleborg,4-1-4-1,,,False,False,False,right,0.0,,,,,,,,,,,,,,,,,,,,,,,,,,,,,,,,,,,,,,,,,100.0,0.0,96.0,53.0,left,3274,False,False,False,six_yard_central,False,False,0,0,0,0,0.0,0.0,,
3056351339,5819154,2H,66,38,01:06:38.310,4141.310352,3056350870.0,,,,,,corner,[],100.0,0.0,6925,Laholms FK,4-1-4-1,6849,Jönköpings Södra,4-2-3-1,939470,E. Berisha,DMF,False,105.0,high,40.0,258063.0,S. Crona,LCB,90.0,56.0,3056351339.0,4.905408,"['corner', 'set_piece_attack', 'attack']",5.0,0.0,100.0,0.0,88.0,59.0,6925.0,Laholms FK,4-1-4-1,,,False,False,False,left,0.0,,,,,,,,,,,,,,,,,,,,,,,,,,,,,,,,,,,,,,,,,100.0,0.0,90.0,56.0,left,3998,False,False,False,penalty_spot_zone,False,False,0,0,0,0,0.0,0.0,,
3001103630,5819133,1H,12,8,00:12:08.709,729.70994,3001103631.0,,,,,,corner,[],100.0,0.0,6751,Kristianstad,4-2-3-1,6849,Jönköpings Södra,3-4-3,1316266,P. Lilja,AMF,True,96.0,high,40.0,432470.0,O. Dampha,CF,96.0,58.0,3001103630.0,3.48715,"['corner', 'set_piece_attack', 'attack']",4.0,0.0,100.0,0.0,86.0,58.0,6751.0,Kristianstad,4-2-3-1,,,True,False,False,left,0.0207,,,,,,,,,,,,,,,,,,,,,,,,,,,,,,,,,,,,,,,,,100.0,0.0,96.0,58.0,left,728,False,False,False,six_yard_central,True,False,1,0,0,0,0.0207,0.0207,E. Ramin Karimi,1060396.0
3001103768,5819133,1H,21,6,00:21:06.187,1267.187685,3001103770.0,,,,,,corner,[],100.0,100.0,6751,Kristianstad,4-2-3-1,6849,Jönköpings Södra,3-4-3,22102,D. Löfquist,RDMF,True,-102.0,high,44.0,51518.0,V. Agardius,LB,91.0,37.0,3001103768.0,2.162033,"['corner', 'set_piece_attack', 'attack']",2.0,0.0,100.0,100.0,91.0,37.0,6751.0,Kristianstad,4-2-3-1,,,False,False,False,center,0.0,,,,,,,,,,,,,,,,,,,,,,,,,,,,,,,,,,,,,,,,,100.0,100.0,91.0,37.0,right,1266,False,False,False,penalty_spot_zone,True,False,1,0,1,0,0.0677,0.0677,L. Svensson,226327.0
3001103929,5819133,1H,33,45,00:33:45.105,2026.105573,3001104106.0,,,,,,corner,[],100.0,100.0,6751,Kristianstad,4-2-3-1,6849,Jönköpings Södra,3-4-3,22102,D. Löfquist,RDMF,False,-103.0,high,36.0,899727.0,A. Eriksson,GK,92.0,49.0,3001103929.0,2.200406,"['corner', 'set_piece_attack']",4.0,0.0,100.0,100.0,92.0,48.0,6751.0,Kristianstad,4-2-3-1,,,,,,,,,,,,,,,,,,,,,,,,,,,,,,,,,,,,,,,,,,,,,,,,100.0,100.0,92.0,49.0,right,2025,False,False,False,penalty_spot_zone,False,False,0,0,0,0,0.0,0.0,,
3001104007,5819133,1H,39,7,00:39:07.697,2348.697912,3001104010.0,,,,,,corner,['shot_assist'],100.0,100.0,6751,Kristianstad,4-2-3-1,6849,Jönköpings Södra,3-4-3,22102,D. Löfquist,RDMF,True,-113.0,high,38.0,1316266.0,P. Lilja,AMF,86.0,48.0,3001104007.0,0.875472,"['corner', 'set_piece_attack', 'attack']",2.0,0.0,100.0,100.0,86.0,48.0,6751.0,Kristianstad,4-2-3-1,,,True,True,False,right,0.0579,,,,,,,,,,,,,,,,,,,,,,,,,,,,,,,,,,,,,,,,,100.0,100.0,86.0,48.0,right,2347,True,False,False,penalty_spot_zone,True,False,1,0,1,0,0.0579,0.0579,P. Lilja,1316266.0
3001104011,5819133,1H,39,40,00:39:40.728,2381.728733,3001104155.0,,,,,,corner,[],100.0,0.0,6751,Kristianstad,4-2-3-1,6849,Jönköpings Södra,3-4-3,22102,D. Löfquist,RDMF,False,100.0,high,40.0,51679.0,J. Drott,LCMF,93.0,58.0,3001104011.0,1.239849,"['corner', 'set_piece_attack']",1.0,0.0,100.0,0.0,93.0,58.0,6751.0,Kristianstad,4-2-3-1,,,,,,,,,,,,,,,,,,,,,,,,,,,,,,,,,,,,,,,,,,,,,,,,100.0,0.0,93.0,58.0,left,2380,False,False,False,penalty_spot_zone,False,False,0,0,0,0,0.0,0.0,,
3001104805,5819133,2H,96,7,01:36:07.314,6034.314789,3001104905.0,,,,,,corner,[],100.0,0.0,6751,Kristianstad,4-2-3-1,6849,Jönköpings Södra,3-4-3,570777,S. Svedin,LAMF,False,111.0,low,26.0,51830.0,D. Kozica,RCMF,91.0,35.0,3001104805.0,0.6026925,"['corner', 'set_piece_attack']",1.0,0.0,100.0,0.0,91.0,35.0,6751.0,Kristianstad,4-2-3-1,,,,,,,,,,,,,,,,,,,,,,,,,,,,,,,,,,,,,,,,,,,,,,,,100.0,0.0,91.0,35.0,left,5767,False,False,False,penalty_spot_zone,False,False,0,0,0,0,0.0,0.0,,
2991582955,5819121,1H,21,58,00:21:58.901,1319.901616,2991584730.0,,,,,,corner,[],100.0,0.0,7014,Olympic,4-4-2,6849,Jönköpings Södra,4-1-4-1,582329,A. Sundgren,LB,True,103.0,high,31.0,0.0,,,93.0,44.0,2991582955.0,43.4287175,"['corner', 'set_piece_attack', 'attack']",21.0,0.0,100.0,0.0,18.0,81.0,7014.0,Olympic,4-4-2,,,False,False,False,center,0.0,,,,,,,,,,,,,,,,,,,,,,,,,,,,,,,,,,,,,,,,,100.0,0.0,93.0,44.0,left,1318,False,False,False,penalty_spot_zone,False,False,0,0,0,0,0.0,0.0,,
2991583225,5819121,1H,41,28,00:41:28.092,2489.092118,2991583234.0,,,,,,corner,['shot_assist'],100.0,100.0,7014,Olympic,4-4-2,6849,Jönköpings Södra,4-1-4-1,582329,A. Sundgren,LB,True,-108.0,high,32.0,1183492.0,F. Dovi,LCB,90.0,55.0,2991583225.0,0.702799,"['corner', 'set_piece_attack', 'attack']",2.0,0.0,100.0,100.0,90.0,55.0,7014.0,Olympic,4-4-2,,,True,False,False,right,0.1175,,,,,,,,,,,,,,,,,,,,,,,,,,,,,,,,,,,,,,,,,100.0,100.0,90.0,55.0,right,2488,True,False,False,penalty_spot_zone,True,False,1,0,1,0,0.1175,0.1175,F. Dovi,1183492.0
2991583313,5819121,1H,47,25,00:47:25.048,2846.048417,2991583316.0,,,,,,corner,['loss'],100.0,0.0,7014,Olympic,4-4-2,6849,Jönköpings Södra,4-1-4-1,582329,A. Sundgren,LB,True,97.0,high,40.0,1227397.0,Y. Mohammed,SS,95.0,58.0,2991583313.0,1.057196,"['corner', 'set_piece_attack', 'attack']",2.0,0.0,100.0,0.0,95.0,58.0,7014.0,Olympic,4-4-2,,,False,False,False,left,0.0,,,,,,,,,,,,,,,,,,,,,,,,,,,,,,,,,,,,,,,,,100.0,0.0,95.0,58.0,left,2845,False,False,True,six_yard_central,False,False,0,0,0,0,0.0,0.0,,
2991583463,5819121,2H,54,47,00:54:47.912,3651.912863,2991583818.0,,,,,,corner,['loss'],100.0,0.0,7014,Olympic,4-4-1,6849,Jönköpings Södra,4-1-4-1,582329,A. Sundgren,LB,False,109.0,high,31.0,258063.0,S. Crona,LCB,90.0,43.0,2991583463.0,11.124033,"['corner', 'set_piece_attack', 'attack']",5.0,0.0,100.0,0.0,86.0,82.0,7014.0,Olympic,4-4-1,,,False,False,False,right,0.0,,,,,,,,,,,,,,,,,,,,,,,,,,,,,,,,,,,,,,,,,100.0,0.0,90.0,43.0,left,3287,False,False,True,penalty_spot_zone,False,False,0,0,0,0,0.0,0.0,,
2991583509,5819121,2H,57,41,00:57:41.617,3825.617182,2991584767.0,,,,,,corner,[],100.0,0.0,7014,Olympic,5-3-1,6849,Jönköpings Södra,4-1-4-1,582329,A. Sundgren,LB5,True,132.0,low,25.0,0.0,,,84.0,28.0,2991583509.0,22.4156945,"['corner', 'set_piece_attack', 'attack']",13.0,0.0,100.0,0.0,96.0,19.0,7014.0,Olympic,5-3-1,,,False,False,False,left,0.0,,,,,,,,,,,,,,,,,,,,,,,,,,,,,,,,,,,,,,,,,100.0,0.0,84.0,28.0,left,3461,False,False,False,edge_recycle_zone,False,False,0,0,0,0,0.0,0.0,,
2991583531,5819121,2H,58,35,00:58:35.916,3879.916628,2991583532.0,,,,,,corner,['shot_assist'],100.0,0.0,7014,Olympic,5-3-1,6849,Jönköpings Södra,4-1-4-1,582329,A. Sundgren,LB5,True,107.0,high,40.0,1194570.0,C. Blessing Ejimole,CF,89.0,57.0,2991583531.0,1.0849785,"['corner', 'set_piece_attack', 'attack']",2.0,0.0,100.0,0.0,89.0,57.0,7014.0,Olympic,5-3-1,,,True,False,False,left,0.0871,,,,,,,,,,,,,,,,,,,,,,,,,,,,,,,,,,,,,,,,,100.0,0.0,89.0,57.0,left,3515,True,False,False,penalty_spot_zone,True,False,1,0,1,0,0.0871,0.0871,C. Blessing Ejimole,1194570.0
2977553319,5819103,1H,9,18,00:09:18.471,559.471882,2977555134.0,,,,,,corner,[],100.0,0.0,7055,Eskilsminne,4-2-1-3,6849,Jönköpings Södra,4-1-4-1,338669,C. Ljungberg,LDMF,True,95.0,high,22.0,0.0,,,98.0,35.0,2977553319.0,0.497624,"['corner', 'set_piece_attack', 'attack']",2.0,0.0,100.0,0.0,98.0,35.0,7055.0,Eskilsminne,4-2-1-3,,,False,False,False,left,0.0,,,,,,,,,,,,,,,,,,,,,,,,,,,,,,,,,,,,,,,,,100.0,0.0,98.0,35.0,left,558,False,False,False,front_post,False,False,0,0,0,0,0.0,0.0,,
2977553995,5819103,2H,55,48,00:55:48.074,3453.074966,2977554144.0,,,,,,corner,['loss'],100.0,0.0,7055,Eskilsminne,4-2-1-3,6849,Jönköpings Södra,4-1-4-1,338669,C. Ljungberg,LDMF,False,100.0,high,30.0,613701.0,H. Lyck,RCB,95.0,43.0,2977553995.0,0.2375085,"['corner', 'set_piece_attack']",1.0,0.0,100.0,0.0,95.0,43.0,7055.0,Eskilsminne,4-2-1-3,,,,,,,,,,,,,,,,,,,,,,,,,,,,,,,,,,,,,,,,,,,,,,,,100.0,0.0,95.0,43.0,left,3348,False,False,True,six_yard_central,False,False,0,0,0,0,0.0,0.0,,
2977553998,5819103,2H,56,34,00:56:34.711,3499.711265,2977554002.0,,,,,,corner,[],100.0,100.0,7055,Eskilsminne,4-2-1-3,6849,Jönköpings Södra,4-1-4-1,566323,F. Velander,LCB,True,-103.0,low,27.0,807610.0,T. Bermudez,RWF,94.0,61.0,2977553998.0,2.3812615,"['corner', 'set_piece_attack', 'attack']",4.0,0.0,100.0,100.0,100.0,66.0,7055.0,Eskilsminne,4-2-1-3,,,False,False,False,right,0.0,,,,,,,,,,,,,,,,,,,,,,,,,,,,,,,,,,,,,,,,,100.0,100.0,94.0,61.0,right,3394,False,False,False,six_yard_central,False,False,0,0,0,0,0.0,0.0,,
2977554022,5819103,2H,58,28,00:58:28.029,3613.029085,2977554162.0,,,,,,corner,['loss'],100.0,100.0,7055,Eskilsminne,4-2-1-3,6849,Jönköpings Södra,4-1-4-1,566323,F. Velander,LCB,False,-101.0,high,35.0,613701.0,H. Lyck,RCB,93.0,49.0,2977554022.0,16.765082,"['corner', 'set_piece_attack']",9.0,0.0,100.0,100.0,43.0,12.0,7055.0,Eskilsminne,4-2-1-3,,,,,,,,,,,,,,,,,,,,,,,,,,,,,,,,,,,,,,,,,,,,,,,,100.0,100.0,93.0,49.0,right,3508,False,False,True,penalty_spot_zone,False,False,0,0,0,0,0.0,0.0,,
2977554451,5819103,2H,92,1,01:32:01.133,5626.133721,2977554459.0,,,,,,corner,[],100.0,0.0,7055,Eskilsminne,4-2-1-3,6849,Jönköpings Södra,4-1-4-1,493674,C. Seger,RB,True,104.0,high,39.0,615874.0,E. Kurtulus,RCB,91.0,55.0,2977554451.0,8.0089845,"['corner', 'set_piece_attack', 'attack']",7.0,0.0,100.0,0.0,75.0,52.0,7055.0,Eskilsminne,4-2-1-3,,,True,False,False,right,0.0061,,,,,,,,,,,,,,,,,,,,,,,,,,,,,,,,,,,,,,,,,100.0,0.0,91.0,55.0,left,5521,False,False,False,penalty_spot_zone,True,False,1,0,0,0,0.0061,0.0061,M. Larsson,989684.0
2972766354,5819082,1H,37,59,00:37:59.402,2280.402815,2972768109.0,,,,,,corner,[],100.0,0.0,6932,Utsikten,4-2-3-1,6849,Jönköpings Södra,4-1-4-1,1046079,M. Koliqi,AMF,True,102.0,high,38.0,0.0,,,92.0,55.0,2972766354.0,5.327675,"['corner', 'set_piece_attack', 'attack']",5.0,0.0,100.0,0.0,93.0,51.0,6932.0,Utsikten,4-2-3-1,,,False,False,False,center,0.0,,,,,,,,,,,,,,,,,,,,,,,,,,,,,,,,,,,,,,,,,100.0,0.0,92.0,55.0,left,2279,False,False,False,penalty_spot_zone,False,False,0,0,0,0,0.0,0.0,,
2972766396,5819082,1H,41,5,00:41:05.543,2466.543509,2972766876.0,,,,,,corner,[],100.0,100.0,6932,Utsikten,4-2-3-1,6849,Jönköpings Södra,4-1-4-1,1060466,A. Wiklund,LB,False,-97.0,high,34.0,899727.0,A. Eriksson,GK,96.0,51.0,2972766396.0,3.230141,"['corner', 'set_piece_attack', 'attack']",9.0,0.0,100.0,100.0,96.0,46.0,6932.0,Utsikten,4-2-3-1,,,False,False,False,center,0.0,,,,,,,,,,,,,,,,,,,,,,,,,,,,,,,,,,,,,,,,,100.0,100.0,96.0,51.0,right,2465,False,False,False,six_yard_central,False,False,0,0,0,0,0.0,0.0,,
2972766405,5819082,1H,43,8,00:43:08.795,2589.795628,2972768115.0,,,,,,corner,[],100.0,0.0,6932,Utsikten,4-2-3-1,6849,Jönköpings Södra,4-1-4-1,1046079,M. Koliqi,AMF,True,97.0,high,31.0,0.0,,,96.0,45.0,2972766405.0,5.086809,"['corner', 'set_piece_attack', 'attack']",6.0,0.0,100.0,0.0,100.0,39.0,6932.0,Utsikten,4-2-3-1,,,False,False,False,center,0.0,,,,,,,,,,,,,,,,,,,,,,,,,,,,,,,,,,,,,,,,,100.0,0.0,96.0,45.0,left,2588,False,False,False,six_yard_central,False,False,0,0,0,0,0.0,0.0,,
2972766796,5819082,2H,56,57,00:56:57.542,3602.542243,2972766799.0,,,,,,corner,['shot_assist'],100.0,100.0,6932,Utsikten,4-2-3-1,6849,Jönköpings Södra,4-1-4-1,1060466,A. Wiklund,LB,True,-108.0,high,40.0,1182508.0,D. Gustafsson,RCB,89.0,44.0,2972766796.0,1.0713325,"['corner', 'set_piece_attack', 'attack']",2.0,0.0,100.0,100.0,89.0,44.0,6932.0,Utsikten,4-2-3-1,,,True,False,False,right,0.0556,,,,,,,,,,,,,,,,,,,,,,,,,,,,,,,,,,,,,,,,,100.0,100.0,89.0,44.0,right,3417,True,False,False,penalty_spot_zone,True,False,1,0,1,0,0.0556,0.0556,D. Gustafsson,1182508.0
